  imgui.cpp
  imgui_draw.cpp
  imgui_impl_dx11.cpp
  imgui_impl_dx9.cpp
  imgui_impl_win32.cpp
  imgui_ja_gryph_ranges.cpp
  imgui_tables.cpp
  imgui_widgets.cpp
  App.cpp
C:\Program Files\Microsoft Visual Studio\2022\Community\VC\Tools\MSVC\14.44.35207\include\format(42): warning STL4038: The contents of <format> are available only with C++20 or later.
C:\DxLib_VC\プロジェクトに追加すべきファイル_VC用\DxLib.h(1,1): warning C4819: ファイルは、現在のコード ページ (932) で表示できない文字を含んでいます。データの損失を防ぐために、ファイルを Unicode 形式で保存してください。
  (ソース ファイル 'Library/App.cpp' をコンパイルしています)
  
C:\DxLib_VC\プロジェクトに追加すべきファイル_VC用\DxLib.h(349,1): warning C4819: ファイルは、現在のコード ページ (932) で表示できない文字を含んでいます。データの損失を防ぐために、ファイルを Unicode 形式で保存してください。
  (ソース ファイル 'Library/App.cpp' をコンパイルしています)
  
C:\DxLib_VC\プロジェクトに追加すべきファイル_VC用\DxLib.h(708,1): warning C4819: ファイルは、現在のコード ページ (932) で表示できない文字を含んでいます。データの損失を防ぐために、ファイルを Unicode 形式で保存してください。
  (ソース ファイル 'Library/App.cpp' をコンパイルしています)
  
C:\DxLib_VC\プロジェクトに追加すべきファイル_VC用\DxLib.h(1106,1): warning C4819: ファイルは、現在のコード ページ (932) で表示できない文字を含んでいます。データの損失を防ぐために、ファイルを Unicode 形式で保存してください。
  (ソース ファイル 'Library/App.cpp' をコンパイルしています)
  
C:\DxLib_VC\プロジェクトに追加すべきファイル_VC用\DxLib.h(1610,1): warning C4819: ファイルは、現在のコード ページ (932) で表示できない文字を含んでいます。データの損失を防ぐために、ファイルを Unicode 形式で保存してください。
  (ソース ファイル 'Library/App.cpp' をコンパイルしています)
  
C:\DxLib_VC\プロジェクトに追加すべきファイル_VC用\DxLib.h(2014,1): warning C4819: ファイルは、現在のコード ページ (932) で表示できない文字を含んでいます。データの損失を防ぐために、ファイルを Unicode 形式で保存してください。
  (ソース ファイル 'Library/App.cpp' をコンパイルしています)
  
C:\DxLib_VC\プロジェクトに追加すべきファイル_VC用\DxLib.h(2241,1): warning C4819: ファイルは、現在のコード ページ (932) で表示できない文字を含んでいます。データの損失を防ぐために、ファイルを Unicode 形式で保存してください。
  (ソース ファイル 'Library/App.cpp' をコンパイルしています)
  
C:\DxLib_VC\プロジェクトに追加すべきファイル_VC用\DxLib.h(2384,1): warning C4819: ファイルは、現在のコード ページ (932) で表示できない文字を含んでいます。データの損失を防ぐために、ファイルを Unicode 形式で保存してください。
  (ソース ファイル 'Library/App.cpp' をコンパイルしています)
  
C:\DxLib_VC\プロジェクトに追加すべきファイル_VC用\DxLib.h(2557,1): warning C4819: ファイルは、現在のコード ページ (932) で表示できない文字を含んでいます。データの損失を防ぐために、ファイルを Unicode 形式で保存してください。
  (ソース ファイル 'Library/App.cpp' をコンパイルしています)
  
C:\DxLib_VC\プロジェクトに追加すべきファイル_VC用\DxLib.h(2702,1): warning C4819: ファイルは、現在のコード ページ (932) で表示できない文字を含んでいます。データの損失を防ぐために、ファイルを Unicode 形式で保存してください。
  (ソース ファイル 'Library/App.cpp' をコンパイルしています)
  
C:\DxLib_VC\プロジェクトに追加すべきファイル_VC用\DxLib.h(2788,1): warning C4819: ファイルは、現在のコード ページ (932) で表示できない文字を含んでいます。データの損失を防ぐために、ファイルを Unicode 形式で保存してください。
  (ソース ファイル 'Library/App.cpp' をコンパイルしています)
  
C:\DxLib_VC\プロジェクトに追加すべきファイル_VC用\DxLib.h(2891,1): warning C4819: ファイルは、現在のコード ページ (932) で表示できない文字を含んでいます。データの損失を防ぐために、ファイルを Unicode 形式で保存してください。
  (ソース ファイル 'Library/App.cpp' をコンパイルしています)
  
C:\DxLib_VC\プロジェクトに追加すべきファイル_VC用\DxLib.h(2991,1): warning C4819: ファイルは、現在のコード ページ (932) で表示できない文字を含んでいます。データの損失を防ぐために、ファイルを Unicode 形式で保存してください。
  (ソース ファイル 'Library/App.cpp' をコンパイルしています)
  
C:\DxLib_VC\プロジェクトに追加すべきファイル_VC用\DxLib.h(3120,1): warning C4819: ファイルは、現在のコード ページ (932) で表示できない文字を含んでいます。データの損失を防ぐために、ファイルを Unicode 形式で保存してください。
  (ソース ファイル 'Library/App.cpp' をコンパイルしています)
  
C:\DxLib_VC\プロジェクトに追加すべきファイル_VC用\DxLib.h(3264,1): warning C4819: ファイルは、現在のコード ページ (932) で表示できない文字を含んでいます。データの損失を防ぐために、ファイルを Unicode 形式で保存してください。
  (ソース ファイル 'Library/App.cpp' をコンパイルしています)
  
C:\DxLib_VC\プロジェクトに追加すべきファイル_VC用\DxLib.h(3382,1): warning C4819: ファイルは、現在のコード ページ (932) で表示できない文字を含んでいます。データの損失を防ぐために、ファイルを Unicode 形式で保存してください。
  (ソース ファイル 'Library/App.cpp' をコンパイルしています)
  
C:\DxLib_VC\プロジェクトに追加すべきファイル_VC用\DxLib.h(3516,1): warning C4819: ファイルは、現在のコード ページ (932) で表示できない文字を含んでいます。データの損失を防ぐために、ファイルを Unicode 形式で保存してください。
  (ソース ファイル 'Library/App.cpp' をコンパイルしています)
  
C:\DxLib_VC\プロジェクトに追加すべきファイル_VC用\DxLib.h(3698,1): warning C4819: ファイルは、現在のコード ページ (932) で表示できない文字を含んでいます。データの損失を防ぐために、ファイルを Unicode 形式で保存してください。
  (ソース ファイル 'Library/App.cpp' をコンパイルしています)
  
C:\DxLib_VC\プロジェクトに追加すべきファイル_VC用\DxLib.h(3803,1): warning C4819: ファイルは、現在のコード ページ (932) で表示できない文字を含んでいます。データの損失を防ぐために、ファイルを Unicode 形式で保存してください。
  (ソース ファイル 'Library/App.cpp' をコンパイルしています)
  
C:\DxLib_VC\プロジェクトに追加すべきファイル_VC用\DxLib.h(3882,1): warning C4819: ファイルは、現在のコード ページ (932) で表示できない文字を含んでいます。データの損失を防ぐために、ファイルを Unicode 形式で保存してください。
  (ソース ファイル 'Library/App.cpp' をコンパイルしています)
  
C:\DxLib_VC\プロジェクトに追加すべきファイル_VC用\DxLib.h(3984,1): warning C4819: ファイルは、現在のコード ページ (932) で表示できない文字を含んでいます。データの損失を防ぐために、ファイルを Unicode 形式で保存してください。
  (ソース ファイル 'Library/App.cpp' をコンパイルしています)
  
C:\DxLib_VC\プロジェクトに追加すべきファイル_VC用\DxLib.h(4114,1): warning C4819: ファイルは、現在のコード ページ (932) で表示できない文字を含んでいます。データの損失を防ぐために、ファイルを Unicode 形式で保存してください。
  (ソース ファイル 'Library/App.cpp' をコンパイルしています)
  
C:\DxLib_VC\プロジェクトに追加すべきファイル_VC用\DxLib.h(4608,1): warning C4819: ファイルは、現在のコード ページ (932) で表示できない文字を含んでいます。データの損失を防ぐために、ファイルを Unicode 形式で保存してください。
  (ソース ファイル 'Library/App.cpp' をコンパイルしています)
  
C:\DxLib_VC\プロジェクトに追加すべきファイル_VC用\DxLib.h(4761,1): warning C4819: ファイルは、現在のコード ページ (932) で表示できない文字を含んでいます。データの損失を防ぐために、ファイルを Unicode 形式で保存してください。
  (ソース ファイル 'Library/App.cpp' をコンパイルしています)
  
C:\DxLib_VC\プロジェクトに追加すべきファイル_VC用\DxLib.h(4905,1): warning C4819: ファイルは、現在のコード ページ (932) で表示できない文字を含んでいます。データの損失を防ぐために、ファイルを Unicode 形式で保存してください。
  (ソース ファイル 'Library/App.cpp' をコンパイルしています)
  
C:\DxLib_VC\プロジェクトに追加すべきファイル_VC用\DxLib.h(5043,1): warning C4819: ファイルは、現在のコード ページ (932) で表示できない文字を含んでいます。データの損失を防ぐために、ファイルを Unicode 形式で保存してください。
  (ソース ファイル 'Library/App.cpp' をコンパイルしています)
  
C:\DxLib_VC\プロジェクトに追加すべきファイル_VC用\DxLib.h(5190,1): warning C4819: ファイルは、現在のコード ページ (932) で表示できない文字を含んでいます。データの損失を防ぐために、ファイルを Unicode 形式で保存してください。
  (ソース ファイル 'Library/App.cpp' をコンパイルしています)
  
C:\DxLib_VC\プロジェクトに追加すべきファイル_VC用\DxLib.h(5323,1): warning C4819: ファイルは、現在のコード ページ (932) で表示できない文字を含んでいます。データの損失を防ぐために、ファイルを Unicode 形式で保存してください。
  (ソース ファイル 'Library/App.cpp' をコンパイルしています)
  
C:\DxLib_VC\プロジェクトに追加すべきファイル_VC用\DxLib.h(5438,1): warning C4819: ファイルは、現在のコード ページ (932) で表示できない文字を含んでいます。データの損失を防ぐために、ファイルを Unicode 形式で保存してください。
  (ソース ファイル 'Library/App.cpp' をコンパイルしています)
  
C:\DxLib_VC\プロジェクトに追加すべきファイル_VC用\DxLib.h(5605,1): warning C4819: ファイルは、現在のコード ページ (932) で表示できない文字を含んでいます。データの損失を防ぐために、ファイルを Unicode 形式で保存してください。
  (ソース ファイル 'Library/App.cpp' をコンパイルしています)
  
  main.cpp
C:\DxLib_VC\プロジェクトに追加すべきファイル_VC用\DxLib.h(1,1): warning C4819: ファイルは、現在のコード ページ (932) で表示できない文字を含んでいます。データの損失を防ぐために、ファイルを Unicode 形式で保存してください。
  (ソース ファイル 'Library/main.cpp' をコンパイルしています)
  
C:\DxLib_VC\プロジェクトに追加すべきファイル_VC用\DxLib.h(349,1): warning C4819: ファイルは、現在のコード ページ (932) で表示できない文字を含んでいます。データの損失を防ぐために、ファイルを Unicode 形式で保存してください。
  (ソース ファイル 'Library/main.cpp' をコンパイルしています)
  
C:\DxLib_VC\プロジェクトに追加すべきファイル_VC用\DxLib.h(708,1): warning C4819: ファイルは、現在のコード ページ (932) で表示できない文字を含んでいます。データの損失を防ぐために、ファイルを Unicode 形式で保存してください。
  (ソース ファイル 'Library/main.cpp' をコンパイルしています)
  
C:\DxLib_VC\プロジェクトに追加すべきファイル_VC用\DxLib.h(1106,1): warning C4819: ファイルは、現在のコード ページ (932) で表示できない文字を含んでいます。データの損失を防ぐために、ファイルを Unicode 形式で保存してください。
  (ソース ファイル 'Library/main.cpp' をコンパイルしています)
  
C:\DxLib_VC\プロジェクトに追加すべきファイル_VC用\DxLib.h(1610,1): warning C4819: ファイルは、現在のコード ページ (932) で表示できない文字を含んでいます。データの損失を防ぐために、ファイルを Unicode 形式で保存してください。
  (ソース ファイル 'Library/main.cpp' をコンパイルしています)
  
C:\DxLib_VC\プロジェクトに追加すべきファイル_VC用\DxLib.h(2014,1): warning C4819: ファイルは、現在のコード ページ (932) で表示できない文字を含んでいます。データの損失を防ぐために、ファイルを Unicode 形式で保存してください。
  (ソース ファイル 'Library/main.cpp' をコンパイルしています)
  
C:\DxLib_VC\プロジェクトに追加すべきファイル_VC用\DxLib.h(2241,1): warning C4819: ファイルは、現在のコード ページ (932) で表示できない文字を含んでいます。データの損失を防ぐために、ファイルを Unicode 形式で保存してください。
  (ソース ファイル 'Library/main.cpp' をコンパイルしています)
  
C:\DxLib_VC\プロジェクトに追加すべきファイル_VC用\DxLib.h(2384,1): warning C4819: ファイルは、現在のコード ページ (932) で表示できない文字を含んでいます。データの損失を防ぐために、ファイルを Unicode 形式で保存してください。
  (ソース ファイル 'Library/main.cpp' をコンパイルしています)
  
C:\DxLib_VC\プロジェクトに追加すべきファイル_VC用\DxLib.h(2557,1): warning C4819: ファイルは、現在のコード ページ (932) で表示できない文字を含んでいます。データの損失を防ぐために、ファイルを Unicode 形式で保存してください。
  (ソース ファイル 'Library/main.cpp' をコンパイルしています)
  
C:\DxLib_VC\プロジェクトに追加すべきファイル_VC用\DxLib.h(2702,1): warning C4819: ファイルは、現在のコード ページ (932) で表示できない文字を含んでいます。データの損失を防ぐために、ファイルを Unicode 形式で保存してください。
  (ソース ファイル 'Library/main.cpp' をコンパイルしています)
  
C:\DxLib_VC\プロジェクトに追加すべきファイル_VC用\DxLib.h(2788,1): warning C4819: ファイルは、現在のコード ページ (932) で表示できない文字を含んでいます。データの損失を防ぐために、ファイルを Unicode 形式で保存してください。
  (ソース ファイル 'Library/main.cpp' をコンパイルしています)
  
C:\DxLib_VC\プロジェクトに追加すべきファイル_VC用\DxLib.h(2891,1): warning C4819: ファイルは、現在のコード ページ (932) で表示できない文字を含んでいます。データの損失を防ぐために、ファイルを Unicode 形式で保存してください。
  (ソース ファイル 'Library/main.cpp' をコンパイルしています)
  
C:\DxLib_VC\プロジェクトに追加すべきファイル_VC用\DxLib.h(2991,1): warning C4819: ファイルは、現在のコード ページ (932) で表示できない文字を含んでいます。データの損失を防ぐために、ファイルを Unicode 形式で保存してください。
  (ソース ファイル 'Library/main.cpp' をコンパイルしています)
  
C:\DxLib_VC\プロジェクトに追加すべきファイル_VC用\DxLib.h(3120,1): warning C4819: ファイルは、現在のコード ページ (932) で表示できない文字を含んでいます。データの損失を防ぐために、ファイルを Unicode 形式で保存してください。
  (ソース ファイル 'Library/main.cpp' をコンパイルしています)
  
C:\DxLib_VC\プロジェクトに追加すべきファイル_VC用\DxLib.h(3264,1): warning C4819: ファイルは、現在のコード ページ (932) で表示できない文字を含んでいます。データの損失を防ぐために、ファイルを Unicode 形式で保存してください。
  (ソース ファイル 'Library/main.cpp' をコンパイルしています)
  
C:\DxLib_VC\プロジェクトに追加すべきファイル_VC用\DxLib.h(3382,1): warning C4819: ファイルは、現在のコード ページ (932) で表示できない文字を含んでいます。データの損失を防ぐために、ファイルを Unicode 形式で保存してください。
  (ソース ファイル 'Library/main.cpp' をコンパイルしています)
  
C:\DxLib_VC\プロジェクトに追加すべきファイル_VC用\DxLib.h(3516,1): warning C4819: ファイルは、現在のコード ページ (932) で表示できない文字を含んでいます。データの損失を防ぐために、ファイルを Unicode 形式で保存してください。
  (ソース ファイル 'Library/main.cpp' をコンパイルしています)
  
C:\DxLib_VC\プロジェクトに追加すべきファイル_VC用\DxLib.h(3698,1): warning C4819: ファイルは、現在のコード ページ (932) で表示できない文字を含んでいます。データの損失を防ぐために、ファイルを Unicode 形式で保存してください。
  (ソース ファイル 'Library/main.cpp' をコンパイルしています)
  
C:\DxLib_VC\プロジェクトに追加すべきファイル_VC用\DxLib.h(3803,1): warning C4819: ファイルは、現在のコード ページ (932) で表示できない文字を含んでいます。データの損失を防ぐために、ファイルを Unicode 形式で保存してください。
  (ソース ファイル 'Library/main.cpp' をコンパイルしています)
  
C:\DxLib_VC\プロジェクトに追加すべきファイル_VC用\DxLib.h(3882,1): warning C4819: ファイルは、現在のコード ページ (932) で表示できない文字を含んでいます。データの損失を防ぐために、ファイルを Unicode 形式で保存してください。
  (ソース ファイル 'Library/main.cpp' をコンパイルしています)
  
C:\DxLib_VC\プロジェクトに追加すべきファイル_VC用\DxLib.h(3984,1): warning C4819: ファイルは、現在のコード ページ (932) で表示できない文字を含んでいます。データの損失を防ぐために、ファイルを Unicode 形式で保存してください。
  (ソース ファイル 'Library/main.cpp' をコンパイルしています)
  
C:\DxLib_VC\プロジェクトに追加すべきファイル_VC用\DxLib.h(4114,1): warning C4819: ファイルは、現在のコード ページ (932) で表示できない文字を含んでいます。データの損失を防ぐために、ファイルを Unicode 形式で保存してください。
  (ソース ファイル 'Library/main.cpp' をコンパイルしています)
  
C:\DxLib_VC\プロジェクトに追加すべきファイル_VC用\DxLib.h(4608,1): warning C4819: ファイルは、現在のコード ページ (932) で表示できない文字を含んでいます。データの損失を防ぐために、ファイルを Unicode 形式で保存してください。
  (ソース ファイル 'Library/main.cpp' をコンパイルしています)
  
C:\DxLib_VC\プロジェクトに追加すべきファイル_VC用\DxLib.h(4761,1): warning C4819: ファイルは、現在のコード ページ (932) で表示できない文字を含んでいます。データの損失を防ぐために、ファイルを Unicode 形式で保存してください。
  (ソース ファイル 'Library/main.cpp' をコンパイルしています)
  
C:\DxLib_VC\プロジェクトに追加すべきファイル_VC用\DxLib.h(4905,1): warning C4819: ファイルは、現在のコード ページ (932) で表示できない文字を含んでいます。データの損失を防ぐために、ファイルを Unicode 形式で保存してください。
  (ソース ファイル 'Library/main.cpp' をコンパイルしています)
  
C:\DxLib_VC\プロジェクトに追加すべきファイル_VC用\DxLib.h(5043,1): warning C4819: ファイルは、現在のコード ページ (932) で表示できない文字を含んでいます。データの損失を防ぐために、ファイルを Unicode 形式で保存してください。
  (ソース ファイル 'Library/main.cpp' をコンパイルしています)
  
C:\DxLib_VC\プロジェクトに追加すべきファイル_VC用\DxLib.h(5190,1): warning C4819: ファイルは、現在のコード ページ (932) で表示できない文字を含んでいます。データの損失を防ぐために、ファイルを Unicode 形式で保存してください。
  (ソース ファイル 'Library/main.cpp' をコンパイルしています)
  
C:\DxLib_VC\プロジェクトに追加すべきファイル_VC用\DxLib.h(5323,1): warning C4819: ファイルは、現在のコード ページ (932) で表示できない文字を含んでいます。データの損失を防ぐために、ファイルを Unicode 形式で保存してください。
  (ソース ファイル 'Library/main.cpp' をコンパイルしています)
  
C:\DxLib_VC\プロジェクトに追加すべきファイル_VC用\DxLib.h(5438,1): warning C4819: ファイルは、現在のコード ページ (932) で表示できない文字を含んでいます。データの損失を防ぐために、ファイルを Unicode 形式で保存してください。
  (ソース ファイル 'Library/main.cpp' をコンパイルしています)
  
C:\DxLib_VC\プロジェクトに追加すべきファイル_VC用\DxLib.h(5605,1): warning C4819: ファイルは、現在のコード ページ (932) で表示できない文字を含んでいます。データの損失を防ぐために、ファイルを Unicode 形式で保存してください。
  (ソース ファイル 'Library/main.cpp' をコンパイルしています)
  
  ObjectManager.cpp
C:\DxLib_VC\プロジェクトに追加すべきファイル_VC用\DxLib.h(1,1): warning C4819: ファイルは、現在のコード ページ (932) で表示できない文字を含んでいます。データの損失を防ぐために、ファイルを Unicode 形式で保存してください。
  (ソース ファイル 'Library/ObjectManager.cpp' をコンパイルしています)
  
C:\DxLib_VC\プロジェクトに追加すべきファイル_VC用\DxLib.h(349,1): warning C4819: ファイルは、現在のコード ページ (932) で表示できない文字を含んでいます。データの損失を防ぐために、ファイルを Unicode 形式で保存してください。
  (ソース ファイル 'Library/ObjectManager.cpp' をコンパイルしています)
  
C:\DxLib_VC\プロジェクトに追加すべきファイル_VC用\DxLib.h(708,1): warning C4819: ファイルは、現在のコード ページ (932) で表示できない文字を含んでいます。データの損失を防ぐために、ファイルを Unicode 形式で保存してください。
  (ソース ファイル 'Library/ObjectManager.cpp' をコンパイルしています)
  
C:\DxLib_VC\プロジェクトに追加すべきファイル_VC用\DxLib.h(1106,1): warning C4819: ファイルは、現在のコード ページ (932) で表示できない文字を含んでいます。データの損失を防ぐために、ファイルを Unicode 形式で保存してください。
  (ソース ファイル 'Library/ObjectManager.cpp' をコンパイルしています)
  
C:\DxLib_VC\プロジェクトに追加すべきファイル_VC用\DxLib.h(1610,1): warning C4819: ファイルは、現在のコード ページ (932) で表示できない文字を含んでいます。データの損失を防ぐために、ファイルを Unicode 形式で保存してください。
  (ソース ファイル 'Library/ObjectManager.cpp' をコンパイルしています)
  
C:\DxLib_VC\プロジェクトに追加すべきファイル_VC用\DxLib.h(2014,1): warning C4819: ファイルは、現在のコード ページ (932) で表示できない文字を含んでいます。データの損失を防ぐために、ファイルを Unicode 形式で保存してください。
  (ソース ファイル 'Library/ObjectManager.cpp' をコンパイルしています)
  
C:\DxLib_VC\プロジェクトに追加すべきファイル_VC用\DxLib.h(2241,1): warning C4819: ファイルは、現在のコード ページ (932) で表示できない文字を含んでいます。データの損失を防ぐために、ファイルを Unicode 形式で保存してください。
  (ソース ファイル 'Library/ObjectManager.cpp' をコンパイルしています)
  
C:\DxLib_VC\プロジェクトに追加すべきファイル_VC用\DxLib.h(2384,1): warning C4819: ファイルは、現在のコード ページ (932) で表示できない文字を含んでいます。データの損失を防ぐために、ファイルを Unicode 形式で保存してください。
  (ソース ファイル 'Library/ObjectManager.cpp' をコンパイルしています)
  
C:\DxLib_VC\プロジェクトに追加すべきファイル_VC用\DxLib.h(2557,1): warning C4819: ファイルは、現在のコード ページ (932) で表示できない文字を含んでいます。データの損失を防ぐために、ファイルを Unicode 形式で保存してください。
  (ソース ファイル 'Library/ObjectManager.cpp' をコンパイルしています)
  
C:\DxLib_VC\プロジェクトに追加すべきファイル_VC用\DxLib.h(2702,1): warning C4819: ファイルは、現在のコード ページ (932) で表示できない文字を含んでいます。データの損失を防ぐために、ファイルを Unicode 形式で保存してください。
  (ソース ファイル 'Library/ObjectManager.cpp' をコンパイルしています)
  
C:\DxLib_VC\プロジェクトに追加すべきファイル_VC用\DxLib.h(2788,1): warning C4819: ファイルは、現在のコード ページ (932) で表示できない文字を含んでいます。データの損失を防ぐために、ファイルを Unicode 形式で保存してください。
  (ソース ファイル 'Library/ObjectManager.cpp' をコンパイルしています)
  
C:\DxLib_VC\プロジェクトに追加すべきファイル_VC用\DxLib.h(2891,1): warning C4819: ファイルは、現在のコード ページ (932) で表示できない文字を含んでいます。データの損失を防ぐために、ファイルを Unicode 形式で保存してください。
  (ソース ファイル 'Library/ObjectManager.cpp' をコンパイルしています)
  
C:\DxLib_VC\プロジェクトに追加すべきファイル_VC用\DxLib.h(2991,1): warning C4819: ファイルは、現在のコード ページ (932) で表示できない文字を含んでいます。データの損失を防ぐために、ファイルを Unicode 形式で保存してください。
  (ソース ファイル 'Library/ObjectManager.cpp' をコンパイルしています)
  
C:\DxLib_VC\プロジェクトに追加すべきファイル_VC用\DxLib.h(3120,1): warning C4819: ファイルは、現在のコード ページ (932) で表示できない文字を含んでいます。データの損失を防ぐために、ファイルを Unicode 形式で保存してください。
  (ソース ファイル 'Library/ObjectManager.cpp' をコンパイルしています)
  
C:\DxLib_VC\プロジェクトに追加すべきファイル_VC用\DxLib.h(3264,1): warning C4819: ファイルは、現在のコード ページ (932) で表示できない文字を含んでいます。データの損失を防ぐために、ファイルを Unicode 形式で保存してください。
  (ソース ファイル 'Library/ObjectManager.cpp' をコンパイルしています)
  
C:\DxLib_VC\プロジェクトに追加すべきファイル_VC用\DxLib.h(3382,1): warning C4819: ファイルは、現在のコード ページ (932) で表示できない文字を含んでいます。データの損失を防ぐために、ファイルを Unicode 形式で保存してください。
  (ソース ファイル 'Library/ObjectManager.cpp' をコンパイルしています)
  
C:\DxLib_VC\プロジェクトに追加すべきファイル_VC用\DxLib.h(3516,1): warning C4819: ファイルは、現在のコード ページ (932) で表示できない文字を含んでいます。データの損失を防ぐために、ファイルを Unicode 形式で保存してください。
  (ソース ファイル 'Library/ObjectManager.cpp' をコンパイルしています)
  
C:\DxLib_VC\プロジェクトに追加すべきファイル_VC用\DxLib.h(3698,1): warning C4819: ファイルは、現在のコード ページ (932) で表示できない文字を含んでいます。データの損失を防ぐために、ファイルを Unicode 形式で保存してください。
  (ソース ファイル 'Library/ObjectManager.cpp' をコンパイルしています)
  
C:\DxLib_VC\プロジェクトに追加すべきファイル_VC用\DxLib.h(3803,1): warning C4819: ファイルは、現在のコード ページ (932) で表示できない文字を含んでいます。データの損失を防ぐために、ファイルを Unicode 形式で保存してください。
  (ソース ファイル 'Library/ObjectManager.cpp' をコンパイルしています)
  
C:\DxLib_VC\プロジェクトに追加すべきファイル_VC用\DxLib.h(3882,1): warning C4819: ファイルは、現在のコード ページ (932) で表示できない文字を含んでいます。データの損失を防ぐために、ファイルを Unicode 形式で保存してください。
  (ソース ファイル 'Library/ObjectManager.cpp' をコンパイルしています)
  
C:\DxLib_VC\プロジェクトに追加すべきファイル_VC用\DxLib.h(3984,1): warning C4819: ファイルは、現在のコード ページ (932) で表示できない文字を含んでいます。データの損失を防ぐために、ファイルを Unicode 形式で保存してください。
  (ソース ファイル 'Library/ObjectManager.cpp' をコンパイルしています)
  
C:\DxLib_VC\プロジェクトに追加すべきファイル_VC用\DxLib.h(4114,1): warning C4819: ファイルは、現在のコード ページ (932) で表示できない文字を含んでいます。データの損失を防ぐために、ファイルを Unicode 形式で保存してください。
  (ソース ファイル 'Library/ObjectManager.cpp' をコンパイルしています)
  
C:\DxLib_VC\プロジェクトに追加すべきファイル_VC用\DxLib.h(4608,1): warning C4819: ファイルは、現在のコード ページ (932) で表示できない文字を含んでいます。データの損失を防ぐために、ファイルを Unicode 形式で保存してください。
  (ソース ファイル 'Library/ObjectManager.cpp' をコンパイルしています)
  
C:\DxLib_VC\プロジェクトに追加すべきファイル_VC用\DxLib.h(4761,1): warning C4819: ファイルは、現在のコード ページ (932) で表示できない文字を含んでいます。データの損失を防ぐために、ファイルを Unicode 形式で保存してください。
  (ソース ファイル 'Library/ObjectManager.cpp' をコンパイルしています)
  
C:\DxLib_VC\プロジェクトに追加すべきファイル_VC用\DxLib.h(4905,1): warning C4819: ファイルは、現在のコード ページ (932) で表示できない文字を含んでいます。データの損失を防ぐために、ファイルを Unicode 形式で保存してください。
  (ソース ファイル 'Library/ObjectManager.cpp' をコンパイルしています)
  
C:\DxLib_VC\プロジェクトに追加すべきファイル_VC用\DxLib.h(5043,1): warning C4819: ファイルは、現在のコード ページ (932) で表示できない文字を含んでいます。データの損失を防ぐために、ファイルを Unicode 形式で保存してください。
  (ソース ファイル 'Library/ObjectManager.cpp' をコンパイルしています)
  
C:\DxLib_VC\プロジェクトに追加すべきファイル_VC用\DxLib.h(5190,1): warning C4819: ファイルは、現在のコード ページ (932) で表示できない文字を含んでいます。データの損失を防ぐために、ファイルを Unicode 形式で保存してください。
  (ソース ファイル 'Library/ObjectManager.cpp' をコンパイルしています)
  
C:\DxLib_VC\プロジェクトに追加すべきファイル_VC用\DxLib.h(5323,1): warning C4819: ファイルは、現在のコード ページ (932) で表示できない文字を含んでいます。データの損失を防ぐために、ファイルを Unicode 形式で保存してください。
  (ソース ファイル 'Library/ObjectManager.cpp' をコンパイルしています)
  
C:\DxLib_VC\プロジェクトに追加すべきファイル_VC用\DxLib.h(5438,1): warning C4819: ファイルは、現在のコード ページ (932) で表示できない文字を含んでいます。データの損失を防ぐために、ファイルを Unicode 形式で保存してください。
  (ソース ファイル 'Library/ObjectManager.cpp' をコンパイルしています)
  
C:\DxLib_VC\プロジェクトに追加すべきファイル_VC用\DxLib.h(5605,1): warning C4819: ファイルは、現在のコード ページ (932) で表示できない文字を含んでいます。データの損失を防ぐために、ファイルを Unicode 形式で保存してください。
  (ソース ファイル 'Library/ObjectManager.cpp' をコンパイルしています)
  
C:\Program Files\Microsoft Visual Studio\2022\Community\VC\Tools\MSVC\14.44.35207\include\format(42): warning STL4038: The contents of <format> are available only with C++20 or later.
  SceneManager.cpp
C:\Program Files\Microsoft Visual Studio\2022\Community\VC\Tools\MSVC\14.44.35207\include\format(42): warning STL4038: The contents of <format> are available only with C++20 or later.
C:\DxLib_VC\プロジェクトに追加すべきファイル_VC用\DxLib.h(1,1): warning C4819: ファイルは、現在のコード ページ (932) で表示できない文字を含んでいます。データの損失を防ぐために、ファイルを Unicode 形式で保存してください。
  (ソース ファイル 'Library/SceneManager.cpp' をコンパイルしています)
  
C:\DxLib_VC\プロジェクトに追加すべきファイル_VC用\DxLib.h(349,1): warning C4819: ファイルは、現在のコード ページ (932) で表示できない文字を含んでいます。データの損失を防ぐために、ファイルを Unicode 形式で保存してください。
  (ソース ファイル 'Library/SceneManager.cpp' をコンパイルしています)
  
C:\DxLib_VC\プロジェクトに追加すべきファイル_VC用\DxLib.h(708,1): warning C4819: ファイルは、現在のコード ページ (932) で表示できない文字を含んでいます。データの損失を防ぐために、ファイルを Unicode 形式で保存してください。
  (ソース ファイル 'Library/SceneManager.cpp' をコンパイルしています)
  
C:\DxLib_VC\プロジェクトに追加すべきファイル_VC用\DxLib.h(1106,1): warning C4819: ファイルは、現在のコード ページ (932) で表示できない文字を含んでいます。データの損失を防ぐために、ファイルを Unicode 形式で保存してください。
  (ソース ファイル 'Library/SceneManager.cpp' をコンパイルしています)
  
C:\DxLib_VC\プロジェクトに追加すべきファイル_VC用\DxLib.h(1610,1): warning C4819: ファイルは、現在のコード ページ (932) で表示できない文字を含んでいます。データの損失を防ぐために、ファイルを Unicode 形式で保存してください。
  (ソース ファイル 'Library/SceneManager.cpp' をコンパイルしています)
  
C:\DxLib_VC\プロジェクトに追加すべきファイル_VC用\DxLib.h(2014,1): warning C4819: ファイルは、現在のコード ページ (932) で表示できない文字を含んでいます。データの損失を防ぐために、ファイルを Unicode 形式で保存してください。
  (ソース ファイル 'Library/SceneManager.cpp' をコンパイルしています)
  
C:\DxLib_VC\プロジェクトに追加すべきファイル_VC用\DxLib.h(2241,1): warning C4819: ファイルは、現在のコード ページ (932) で表示できない文字を含んでいます。データの損失を防ぐために、ファイルを Unicode 形式で保存してください。
  (ソース ファイル 'Library/SceneManager.cpp' をコンパイルしています)
  
C:\DxLib_VC\プロジェクトに追加すべきファイル_VC用\DxLib.h(2384,1): warning C4819: ファイルは、現在のコード ページ (932) で表示できない文字を含んでいます。データの損失を防ぐために、ファイルを Unicode 形式で保存してください。
  (ソース ファイル 'Library/SceneManager.cpp' をコンパイルしています)
  
C:\DxLib_VC\プロジェクトに追加すべきファイル_VC用\DxLib.h(2557,1): warning C4819: ファイルは、現在のコード ページ (932) で表示できない文字を含んでいます。データの損失を防ぐために、ファイルを Unicode 形式で保存してください。
  (ソース ファイル 'Library/SceneManager.cpp' をコンパイルしています)
  
C:\DxLib_VC\プロジェクトに追加すべきファイル_VC用\DxLib.h(2702,1): warning C4819: ファイルは、現在のコード ページ (932) で表示できない文字を含んでいます。データの損失を防ぐために、ファイルを Unicode 形式で保存してください。
  (ソース ファイル 'Library/SceneManager.cpp' をコンパイルしています)
  
C:\DxLib_VC\プロジェクトに追加すべきファイル_VC用\DxLib.h(2788,1): warning C4819: ファイルは、現在のコード ページ (932) で表示できない文字を含んでいます。データの損失を防ぐために、ファイルを Unicode 形式で保存してください。
  (ソース ファイル 'Library/SceneManager.cpp' をコンパイルしています)
  
C:\DxLib_VC\プロジェクトに追加すべきファイル_VC用\DxLib.h(2891,1): warning C4819: ファイルは、現在のコード ページ (932) で表示できない文字を含んでいます。データの損失を防ぐために、ファイルを Unicode 形式で保存してください。
  (ソース ファイル 'Library/SceneManager.cpp' をコンパイルしています)
  
C:\DxLib_VC\プロジェクトに追加すべきファイル_VC用\DxLib.h(2991,1): warning C4819: ファイルは、現在のコード ページ (932) で表示できない文字を含んでいます。データの損失を防ぐために、ファイルを Unicode 形式で保存してください。
  (ソース ファイル 'Library/SceneManager.cpp' をコンパイルしています)
  
C:\DxLib_VC\プロジェクトに追加すべきファイル_VC用\DxLib.h(3120,1): warning C4819: ファイルは、現在のコード ページ (932) で表示できない文字を含んでいます。データの損失を防ぐために、ファイルを Unicode 形式で保存してください。
  (ソース ファイル 'Library/SceneManager.cpp' をコンパイルしています)
  
C:\DxLib_VC\プロジェクトに追加すべきファイル_VC用\DxLib.h(3264,1): warning C4819: ファイルは、現在のコード ページ (932) で表示できない文字を含んでいます。データの損失を防ぐために、ファイルを Unicode 形式で保存してください。
  (ソース ファイル 'Library/SceneManager.cpp' をコンパイルしています)
  
C:\DxLib_VC\プロジェクトに追加すべきファイル_VC用\DxLib.h(3382,1): warning C4819: ファイルは、現在のコード ページ (932) で表示できない文字を含んでいます。データの損失を防ぐために、ファイルを Unicode 形式で保存してください。
  (ソース ファイル 'Library/SceneManager.cpp' をコンパイルしています)
  
C:\DxLib_VC\プロジェクトに追加すべきファイル_VC用\DxLib.h(3516,1): warning C4819: ファイルは、現在のコード ページ (932) で表示できない文字を含んでいます。データの損失を防ぐために、ファイルを Unicode 形式で保存してください。
  (ソース ファイル 'Library/SceneManager.cpp' をコンパイルしています)
  
C:\DxLib_VC\プロジェクトに追加すべきファイル_VC用\DxLib.h(3698,1): warning C4819: ファイルは、現在のコード ページ (932) で表示できない文字を含んでいます。データの損失を防ぐために、ファイルを Unicode 形式で保存してください。
  (ソース ファイル 'Library/SceneManager.cpp' をコンパイルしています)
  
C:\DxLib_VC\プロジェクトに追加すべきファイル_VC用\DxLib.h(3803,1): warning C4819: ファイルは、現在のコード ページ (932) で表示できない文字を含んでいます。データの損失を防ぐために、ファイルを Unicode 形式で保存してください。
  (ソース ファイル 'Library/SceneManager.cpp' をコンパイルしています)
  
C:\DxLib_VC\プロジェクトに追加すべきファイル_VC用\DxLib.h(3882,1): warning C4819: ファイルは、現在のコード ページ (932) で表示できない文字を含んでいます。データの損失を防ぐために、ファイルを Unicode 形式で保存してください。
  (ソース ファイル 'Library/SceneManager.cpp' をコンパイルしています)
  
C:\DxLib_VC\プロジェクトに追加すべきファイル_VC用\DxLib.h(3984,1): warning C4819: ファイルは、現在のコード ページ (932) で表示できない文字を含んでいます。データの損失を防ぐために、ファイルを Unicode 形式で保存してください。
  (ソース ファイル 'Library/SceneManager.cpp' をコンパイルしています)
  
C:\DxLib_VC\プロジェクトに追加すべきファイル_VC用\DxLib.h(4114,1): warning C4819: ファイルは、現在のコード ページ (932) で表示できない文字を含んでいます。データの損失を防ぐために、ファイルを Unicode 形式で保存してください。
  (ソース ファイル 'Library/SceneManager.cpp' をコンパイルしています)
  
C:\DxLib_VC\プロジェクトに追加すべきファイル_VC用\DxLib.h(4608,1): warning C4819: ファイルは、現在のコード ページ (932) で表示できない文字を含んでいます。データの損失を防ぐために、ファイルを Unicode 形式で保存してください。
  (ソース ファイル 'Library/SceneManager.cpp' をコンパイルしています)
  
C:\DxLib_VC\プロジェクトに追加すべきファイル_VC用\DxLib.h(4761,1): warning C4819: ファイルは、現在のコード ページ (932) で表示できない文字を含んでいます。データの損失を防ぐために、ファイルを Unicode 形式で保存してください。
  (ソース ファイル 'Library/SceneManager.cpp' をコンパイルしています)
  
C:\DxLib_VC\プロジェクトに追加すべきファイル_VC用\DxLib.h(4905,1): warning C4819: ファイルは、現在のコード ページ (932) で表示できない文字を含んでいます。データの損失を防ぐために、ファイルを Unicode 形式で保存してください。
  (ソース ファイル 'Library/SceneManager.cpp' をコンパイルしています)
  
C:\DxLib_VC\プロジェクトに追加すべきファイル_VC用\DxLib.h(5043,1): warning C4819: ファイルは、現在のコード ページ (932) で表示できない文字を含んでいます。データの損失を防ぐために、ファイルを Unicode 形式で保存してください。
  (ソース ファイル 'Library/SceneManager.cpp' をコンパイルしています)
  
C:\DxLib_VC\プロジェクトに追加すべきファイル_VC用\DxLib.h(5190,1): warning C4819: ファイルは、現在のコード ページ (932) で表示できない文字を含んでいます。データの損失を防ぐために、ファイルを Unicode 形式で保存してください。
  (ソース ファイル 'Library/SceneManager.cpp' をコンパイルしています)
  
C:\DxLib_VC\プロジェクトに追加すべきファイル_VC用\DxLib.h(5323,1): warning C4819: ファイルは、現在のコード ページ (932) で表示できない文字を含んでいます。データの損失を防ぐために、ファイルを Unicode 形式で保存してください。
  (ソース ファイル 'Library/SceneManager.cpp' をコンパイルしています)
  
C:\DxLib_VC\プロジェクトに追加すべきファイル_VC用\DxLib.h(5438,1): warning C4819: ファイルは、現在のコード ページ (932) で表示できない文字を含んでいます。データの損失を防ぐために、ファイルを Unicode 形式で保存してください。
  (ソース ファイル 'Library/SceneManager.cpp' をコンパイルしています)
  
C:\DxLib_VC\プロジェクトに追加すべきファイル_VC用\DxLib.h(5605,1): warning C4819: ファイルは、現在のコード ページ (932) で表示できない文字を含んでいます。データの損失を防ぐために、ファイルを Unicode 形式で保存してください。
  (ソース ファイル 'Library/SceneManager.cpp' をコンパイルしています)
  
  Time.cpp
C:\DxLib_VC\プロジェクトに追加すべきファイル_VC用\DxLib.h(1,1): warning C4819: ファイルは、現在のコード ページ (932) で表示できない文字を含んでいます。データの損失を防ぐために、ファイルを Unicode 形式で保存してください。
  (ソース ファイル 'Library/Time.cpp' をコンパイルしています)
  
C:\DxLib_VC\プロジェクトに追加すべきファイル_VC用\DxLib.h(349,1): warning C4819: ファイルは、現在のコード ページ (932) で表示できない文字を含んでいます。データの損失を防ぐために、ファイルを Unicode 形式で保存してください。
  (ソース ファイル 'Library/Time.cpp' をコンパイルしています)
  
C:\DxLib_VC\プロジェクトに追加すべきファイル_VC用\DxLib.h(708,1): warning C4819: ファイルは、現在のコード ページ (932) で表示できない文字を含んでいます。データの損失を防ぐために、ファイルを Unicode 形式で保存してください。
  (ソース ファイル 'Library/Time.cpp' をコンパイルしています)
  
C:\DxLib_VC\プロジェクトに追加すべきファイル_VC用\DxLib.h(1106,1): warning C4819: ファイルは、現在のコード ページ (932) で表示できない文字を含んでいます。データの損失を防ぐために、ファイルを Unicode 形式で保存してください。
  (ソース ファイル 'Library/Time.cpp' をコンパイルしています)
  
C:\DxLib_VC\プロジェクトに追加すべきファイル_VC用\DxLib.h(1610,1): warning C4819: ファイルは、現在のコード ページ (932) で表示できない文字を含んでいます。データの損失を防ぐために、ファイルを Unicode 形式で保存してください。
  (ソース ファイル 'Library/Time.cpp' をコンパイルしています)
  
C:\DxLib_VC\プロジェクトに追加すべきファイル_VC用\DxLib.h(2014,1): warning C4819: ファイルは、現在のコード ページ (932) で表示できない文字を含んでいます。データの損失を防ぐために、ファイルを Unicode 形式で保存してください。
  (ソース ファイル 'Library/Time.cpp' をコンパイルしています)
  
C:\DxLib_VC\プロジェクトに追加すべきファイル_VC用\DxLib.h(2241,1): warning C4819: ファイルは、現在のコード ページ (932) で表示できない文字を含んでいます。データの損失を防ぐために、ファイルを Unicode 形式で保存してください。
  (ソース ファイル 'Library/Time.cpp' をコンパイルしています)
  
C:\DxLib_VC\プロジェクトに追加すべきファイル_VC用\DxLib.h(2384,1): warning C4819: ファイルは、現在のコード ページ (932) で表示できない文字を含んでいます。データの損失を防ぐために、ファイルを Unicode 形式で保存してください。
  (ソース ファイル 'Library/Time.cpp' をコンパイルしています)
  
C:\DxLib_VC\プロジェクトに追加すべきファイル_VC用\DxLib.h(2557,1): warning C4819: ファイルは、現在のコード ページ (932) で表示できない文字を含んでいます。データの損失を防ぐために、ファイルを Unicode 形式で保存してください。
  (ソース ファイル 'Library/Time.cpp' をコンパイルしています)
  
C:\DxLib_VC\プロジェクトに追加すべきファイル_VC用\DxLib.h(2702,1): warning C4819: ファイルは、現在のコード ページ (932) で表示できない文字を含んでいます。データの損失を防ぐために、ファイルを Unicode 形式で保存してください。
  (ソース ファイル 'Library/Time.cpp' をコンパイルしています)
  
C:\DxLib_VC\プロジェクトに追加すべきファイル_VC用\DxLib.h(2788,1): warning C4819: ファイルは、現在のコード ページ (932) で表示できない文字を含んでいます。データの損失を防ぐために、ファイルを Unicode 形式で保存してください。
  (ソース ファイル 'Library/Time.cpp' をコンパイルしています)
  
C:\DxLib_VC\プロジェクトに追加すべきファイル_VC用\DxLib.h(2891,1): warning C4819: ファイルは、現在のコード ページ (932) で表示できない文字を含んでいます。データの損失を防ぐために、ファイルを Unicode 形式で保存してください。
  (ソース ファイル 'Library/Time.cpp' をコンパイルしています)
  
C:\DxLib_VC\プロジェクトに追加すべきファイル_VC用\DxLib.h(2991,1): warning C4819: ファイルは、現在のコード ページ (932) で表示できない文字を含んでいます。データの損失を防ぐために、ファイルを Unicode 形式で保存してください。
  (ソース ファイル 'Library/Time.cpp' をコンパイルしています)
  
C:\DxLib_VC\プロジェクトに追加すべきファイル_VC用\DxLib.h(3120,1): warning C4819: ファイルは、現在のコード ページ (932) で表示できない文字を含んでいます。データの損失を防ぐために、ファイルを Unicode 形式で保存してください。
  (ソース ファイル 'Library/Time.cpp' をコンパイルしています)
  
C:\DxLib_VC\プロジェクトに追加すべきファイル_VC用\DxLib.h(3264,1): warning C4819: ファイルは、現在のコード ページ (932) で表示できない文字を含んでいます。データの損失を防ぐために、ファイルを Unicode 形式で保存してください。
  (ソース ファイル 'Library/Time.cpp' をコンパイルしています)
  
C:\DxLib_VC\プロジェクトに追加すべきファイル_VC用\DxLib.h(3382,1): warning C4819: ファイルは、現在のコード ページ (932) で表示できない文字を含んでいます。データの損失を防ぐために、ファイルを Unicode 形式で保存してください。
  (ソース ファイル 'Library/Time.cpp' をコンパイルしています)
  
C:\DxLib_VC\プロジェクトに追加すべきファイル_VC用\DxLib.h(3516,1): warning C4819: ファイルは、現在のコード ページ (932) で表示できない文字を含んでいます。データの損失を防ぐために、ファイルを Unicode 形式で保存してください。
  (ソース ファイル 'Library/Time.cpp' をコンパイルしています)
  
C:\DxLib_VC\プロジェクトに追加すべきファイル_VC用\DxLib.h(3698,1): warning C4819: ファイルは、現在のコード ページ (932) で表示できない文字を含んでいます。データの損失を防ぐために、ファイルを Unicode 形式で保存してください。
  (ソース ファイル 'Library/Time.cpp' をコンパイルしています)
  
C:\DxLib_VC\プロジェクトに追加すべきファイル_VC用\DxLib.h(3803,1): warning C4819: ファイルは、現在のコード ページ (932) で表示できない文字を含んでいます。データの損失を防ぐために、ファイルを Unicode 形式で保存してください。
  (ソース ファイル 'Library/Time.cpp' をコンパイルしています)
  
C:\DxLib_VC\プロジェクトに追加すべきファイル_VC用\DxLib.h(3882,1): warning C4819: ファイルは、現在のコード ページ (932) で表示できない文字を含んでいます。データの損失を防ぐために、ファイルを Unicode 形式で保存してください。
  (ソース ファイル 'Library/Time.cpp' をコンパイルしています)
  
C:\DxLib_VC\プロジェクトに追加すべきファイル_VC用\DxLib.h(3984,1): warning C4819: ファイルは、現在のコード ページ (932) で表示できない文字を含んでいます。データの損失を防ぐために、ファイルを Unicode 形式で保存してください。
  (ソース ファイル 'Library/Time.cpp' をコンパイルしています)
  
C:\DxLib_VC\プロジェクトに追加すべきファイル_VC用\DxLib.h(4114,1): warning C4819: ファイルは、現在のコード ページ (932) で表示できない文字を含んでいます。データの損失を防ぐために、ファイルを Unicode 形式で保存してください。
  (ソース ファイル 'Library/Time.cpp' をコンパイルしています)
  
C:\DxLib_VC\プロジェクトに追加すべきファイル_VC用\DxLib.h(4608,1): warning C4819: ファイルは、現在のコード ページ (932) で表示できない文字を含んでいます。データの損失を防ぐために、ファイルを Unicode 形式で保存してください。
  (ソース ファイル 'Library/Time.cpp' をコンパイルしています)
  
C:\DxLib_VC\プロジェクトに追加すべきファイル_VC用\DxLib.h(4761,1): warning C4819: ファイルは、現在のコード ページ (932) で表示できない文字を含んでいます。データの損失を防ぐために、ファイルを Unicode 形式で保存してください。
  (ソース ファイル 'Library/Time.cpp' をコンパイルしています)
  
C:\DxLib_VC\プロジェクトに追加すべきファイル_VC用\DxLib.h(4905,1): warning C4819: ファイルは、現在のコード ページ (932) で表示できない文字を含んでいます。データの損失を防ぐために、ファイルを Unicode 形式で保存してください。
  (ソース ファイル 'Library/Time.cpp' をコンパイルしています)
  
C:\DxLib_VC\プロジェクトに追加すべきファイル_VC用\DxLib.h(5043,1): warning C4819: ファイルは、現在のコード ページ (932) で表示できない文字を含んでいます。データの損失を防ぐために、ファイルを Unicode 形式で保存してください。
  (ソース ファイル 'Library/Time.cpp' をコンパイルしています)
  
C:\DxLib_VC\プロジェクトに追加すべきファイル_VC用\DxLib.h(5190,1): warning C4819: ファイルは、現在のコード ページ (932) で表示できない文字を含んでいます。データの損失を防ぐために、ファイルを Unicode 形式で保存してください。
  (ソース ファイル 'Library/Time.cpp' をコンパイルしています)
  
C:\DxLib_VC\プロジェクトに追加すべきファイル_VC用\DxLib.h(5323,1): warning C4819: ファイルは、現在のコード ページ (932) で表示できない文字を含んでいます。データの損失を防ぐために、ファイルを Unicode 形式で保存してください。
  (ソース ファイル 'Library/Time.cpp' をコンパイルしています)
  
C:\DxLib_VC\プロジェクトに追加すべきファイル_VC用\DxLib.h(5438,1): warning C4819: ファイルは、現在のコード ページ (932) で表示できない文字を含んでいます。データの損失を防ぐために、ファイルを Unicode 形式で保存してください。
  (ソース ファイル 'Library/Time.cpp' をコンパイルしています)
  
C:\DxLib_VC\プロジェクトに追加すべきファイル_VC用\DxLib.h(5605,1): warning C4819: ファイルは、現在のコード ページ (932) で表示できない文字を含んでいます。データの損失を防ぐために、ファイルを Unicode 形式で保存してください。
  (ソース ファイル 'Library/Time.cpp' をコンパイルしています)
  
  BootScene.cpp
C:\DxLib_VC\プロジェクトに追加すべきファイル_VC用\DxLib.h(1,1): warning C4819: ファイルは、現在のコード ページ (932) で表示できない文字を含んでいます。データの損失を防ぐために、ファイルを Unicode 形式で保存してください。
  (ソース ファイル 'Source/BootScene.cpp' をコンパイルしています)
  
C:\DxLib_VC\プロジェクトに追加すべきファイル_VC用\DxLib.h(349,1): warning C4819: ファイルは、現在のコード ページ (932) で表示できない文字を含んでいます。データの損失を防ぐために、ファイルを Unicode 形式で保存してください。
  (ソース ファイル 'Source/BootScene.cpp' をコンパイルしています)
  
C:\DxLib_VC\プロジェクトに追加すべきファイル_VC用\DxLib.h(708,1): warning C4819: ファイルは、現在のコード ページ (932) で表示できない文字を含んでいます。データの損失を防ぐために、ファイルを Unicode 形式で保存してください。
  (ソース ファイル 'Source/BootScene.cpp' をコンパイルしています)
  
C:\DxLib_VC\プロジェクトに追加すべきファイル_VC用\DxLib.h(1106,1): warning C4819: ファイルは、現在のコード ページ (932) で表示できない文字を含んでいます。データの損失を防ぐために、ファイルを Unicode 形式で保存してください。
  (ソース ファイル 'Source/BootScene.cpp' をコンパイルしています)
  
C:\DxLib_VC\プロジェクトに追加すべきファイル_VC用\DxLib.h(1610,1): warning C4819: ファイルは、現在のコード ページ (932) で表示できない文字を含んでいます。データの損失を防ぐために、ファイルを Unicode 形式で保存してください。
  (ソース ファイル 'Source/BootScene.cpp' をコンパイルしています)
  
C:\DxLib_VC\プロジェクトに追加すべきファイル_VC用\DxLib.h(2014,1): warning C4819: ファイルは、現在のコード ページ (932) で表示できない文字を含んでいます。データの損失を防ぐために、ファイルを Unicode 形式で保存してください。
  (ソース ファイル 'Source/BootScene.cpp' をコンパイルしています)
  
C:\DxLib_VC\プロジェクトに追加すべきファイル_VC用\DxLib.h(2241,1): warning C4819: ファイルは、現在のコード ページ (932) で表示できない文字を含んでいます。データの損失を防ぐために、ファイルを Unicode 形式で保存してください。
  (ソース ファイル 'Source/BootScene.cpp' をコンパイルしています)
  
C:\DxLib_VC\プロジェクトに追加すべきファイル_VC用\DxLib.h(2384,1): warning C4819: ファイルは、現在のコード ページ (932) で表示できない文字を含んでいます。データの損失を防ぐために、ファイルを Unicode 形式で保存してください。
  (ソース ファイル 'Source/BootScene.cpp' をコンパイルしています)
  
C:\DxLib_VC\プロジェクトに追加すべきファイル_VC用\DxLib.h(2557,1): warning C4819: ファイルは、現在のコード ページ (932) で表示できない文字を含んでいます。データの損失を防ぐために、ファイルを Unicode 形式で保存してください。
  (ソース ファイル 'Source/BootScene.cpp' をコンパイルしています)
  
C:\DxLib_VC\プロジェクトに追加すべきファイル_VC用\DxLib.h(2702,1): warning C4819: ファイルは、現在のコード ページ (932) で表示できない文字を含んでいます。データの損失を防ぐために、ファイルを Unicode 形式で保存してください。
  (ソース ファイル 'Source/BootScene.cpp' をコンパイルしています)
  
C:\DxLib_VC\プロジェクトに追加すべきファイル_VC用\DxLib.h(2788,1): warning C4819: ファイルは、現在のコード ページ (932) で表示できない文字を含んでいます。データの損失を防ぐために、ファイルを Unicode 形式で保存してください。
  (ソース ファイル 'Source/BootScene.cpp' をコンパイルしています)
  
C:\DxLib_VC\プロジェクトに追加すべきファイル_VC用\DxLib.h(2891,1): warning C4819: ファイルは、現在のコード ページ (932) で表示できない文字を含んでいます。データの損失を防ぐために、ファイルを Unicode 形式で保存してください。
  (ソース ファイル 'Source/BootScene.cpp' をコンパイルしています)
  
C:\DxLib_VC\プロジェクトに追加すべきファイル_VC用\DxLib.h(2991,1): warning C4819: ファイルは、現在のコード ページ (932) で表示できない文字を含んでいます。データの損失を防ぐために、ファイルを Unicode 形式で保存してください。
  (ソース ファイル 'Source/BootScene.cpp' をコンパイルしています)
  
C:\DxLib_VC\プロジェクトに追加すべきファイル_VC用\DxLib.h(3120,1): warning C4819: ファイルは、現在のコード ページ (932) で表示できない文字を含んでいます。データの損失を防ぐために、ファイルを Unicode 形式で保存してください。
  (ソース ファイル 'Source/BootScene.cpp' をコンパイルしています)
  
C:\DxLib_VC\プロジェクトに追加すべきファイル_VC用\DxLib.h(3264,1): warning C4819: ファイルは、現在のコード ページ (932) で表示できない文字を含んでいます。データの損失を防ぐために、ファイルを Unicode 形式で保存してください。
  (ソース ファイル 'Source/BootScene.cpp' をコンパイルしています)
  
C:\DxLib_VC\プロジェクトに追加すべきファイル_VC用\DxLib.h(3382,1): warning C4819: ファイルは、現在のコード ページ (932) で表示できない文字を含んでいます。データの損失を防ぐために、ファイルを Unicode 形式で保存してください。
  (ソース ファイル 'Source/BootScene.cpp' をコンパイルしています)
  
C:\DxLib_VC\プロジェクトに追加すべきファイル_VC用\DxLib.h(3516,1): warning C4819: ファイルは、現在のコード ページ (932) で表示できない文字を含んでいます。データの損失を防ぐために、ファイルを Unicode 形式で保存してください。
  (ソース ファイル 'Source/BootScene.cpp' をコンパイルしています)
  
C:\DxLib_VC\プロジェクトに追加すべきファイル_VC用\DxLib.h(3698,1): warning C4819: ファイルは、現在のコード ページ (932) で表示できない文字を含んでいます。データの損失を防ぐために、ファイルを Unicode 形式で保存してください。
  (ソース ファイル 'Source/BootScene.cpp' をコンパイルしています)
  
C:\DxLib_VC\プロジェクトに追加すべきファイル_VC用\DxLib.h(3803,1): warning C4819: ファイルは、現在のコード ページ (932) で表示できない文字を含んでいます。データの損失を防ぐために、ファイルを Unicode 形式で保存してください。
  (ソース ファイル 'Source/BootScene.cpp' をコンパイルしています)
  
C:\DxLib_VC\プロジェクトに追加すべきファイル_VC用\DxLib.h(3882,1): warning C4819: ファイルは、現在のコード ページ (932) で表示できない文字を含んでいます。データの損失を防ぐために、ファイルを Unicode 形式で保存してください。
  (ソース ファイル 'Source/BootScene.cpp' をコンパイルしています)
  
C:\DxLib_VC\プロジェクトに追加すべきファイル_VC用\DxLib.h(3984,1): warning C4819: ファイルは、現在のコード ページ (932) で表示できない文字を含んでいます。データの損失を防ぐために、ファイルを Unicode 形式で保存してください。
  (ソース ファイル 'Source/BootScene.cpp' をコンパイルしています)
  
C:\DxLib_VC\プロジェクトに追加すべきファイル_VC用\DxLib.h(4114,1): warning C4819: ファイルは、現在のコード ページ (932) で表示できない文字を含んでいます。データの損失を防ぐために、ファイルを Unicode 形式で保存してください。
  (ソース ファイル 'Source/BootScene.cpp' をコンパイルしています)
  
C:\DxLib_VC\プロジェクトに追加すべきファイル_VC用\DxLib.h(4608,1): warning C4819: ファイルは、現在のコード ページ (932) で表示できない文字を含んでいます。データの損失を防ぐために、ファイルを Unicode 形式で保存してください。
  (ソース ファイル 'Source/BootScene.cpp' をコンパイルしています)
  
C:\DxLib_VC\プロジェクトに追加すべきファイル_VC用\DxLib.h(4761,1): warning C4819: ファイルは、現在のコード ページ (932) で表示できない文字を含んでいます。データの損失を防ぐために、ファイルを Unicode 形式で保存してください。
  (ソース ファイル 'Source/BootScene.cpp' をコンパイルしています)
  
C:\DxLib_VC\プロジェクトに追加すべきファイル_VC用\DxLib.h(4905,1): warning C4819: ファイルは、現在のコード ページ (932) で表示できない文字を含んでいます。データの損失を防ぐために、ファイルを Unicode 形式で保存してください。
  (ソース ファイル 'Source/BootScene.cpp' をコンパイルしています)
  
C:\DxLib_VC\プロジェクトに追加すべきファイル_VC用\DxLib.h(5043,1): warning C4819: ファイルは、現在のコード ページ (932) で表示できない文字を含んでいます。データの損失を防ぐために、ファイルを Unicode 形式で保存してください。
  (ソース ファイル 'Source/BootScene.cpp' をコンパイルしています)
  
C:\DxLib_VC\プロジェクトに追加すべきファイル_VC用\DxLib.h(5190,1): warning C4819: ファイルは、現在のコード ページ (932) で表示できない文字を含んでいます。データの損失を防ぐために、ファイルを Unicode 形式で保存してください。
  (ソース ファイル 'Source/BootScene.cpp' をコンパイルしています)
  
C:\DxLib_VC\プロジェクトに追加すべきファイル_VC用\DxLib.h(5323,1): warning C4819: ファイルは、現在のコード ページ (932) で表示できない文字を含んでいます。データの損失を防ぐために、ファイルを Unicode 形式で保存してください。
  (ソース ファイル 'Source/BootScene.cpp' をコンパイルしています)
  
C:\DxLib_VC\プロジェクトに追加すべきファイル_VC用\DxLib.h(5438,1): warning C4819: ファイルは、現在のコード ページ (932) で表示できない文字を含んでいます。データの損失を防ぐために、ファイルを Unicode 形式で保存してください。
  (ソース ファイル 'Source/BootScene.cpp' をコンパイルしています)
  
C:\DxLib_VC\プロジェクトに追加すべきファイル_VC用\DxLib.h(5605,1): warning C4819: ファイルは、現在のコード ページ (932) で表示できない文字を含んでいます。データの損失を防ぐために、ファイルを Unicode 形式で保存してください。
  (ソース ファイル 'Source/BootScene.cpp' をコンパイルしています)
  
C:\Program Files\Microsoft Visual Studio\2022\Community\VC\Tools\MSVC\14.44.35207\include\format(42): warning STL4038: The contents of <format> are available only with C++20 or later.
  Button.cpp
C:\DxLib_VC\プロジェクトに追加すべきファイル_VC用\DxLib.h(1,1): warning C4819: ファイルは、現在のコード ページ (932) で表示できない文字を含んでいます。データの損失を防ぐために、ファイルを Unicode 形式で保存してください。
  (ソース ファイル 'Source/Button.cpp' をコンパイルしています)
  
C:\DxLib_VC\プロジェクトに追加すべきファイル_VC用\DxLib.h(349,1): warning C4819: ファイルは、現在のコード ページ (932) で表示できない文字を含んでいます。データの損失を防ぐために、ファイルを Unicode 形式で保存してください。
  (ソース ファイル 'Source/Button.cpp' をコンパイルしています)
  
C:\DxLib_VC\プロジェクトに追加すべきファイル_VC用\DxLib.h(708,1): warning C4819: ファイルは、現在のコード ページ (932) で表示できない文字を含んでいます。データの損失を防ぐために、ファイルを Unicode 形式で保存してください。
  (ソース ファイル 'Source/Button.cpp' をコンパイルしています)
  
C:\DxLib_VC\プロジェクトに追加すべきファイル_VC用\DxLib.h(1106,1): warning C4819: ファイルは、現在のコード ページ (932) で表示できない文字を含んでいます。データの損失を防ぐために、ファイルを Unicode 形式で保存してください。
  (ソース ファイル 'Source/Button.cpp' をコンパイルしています)
  
C:\DxLib_VC\プロジェクトに追加すべきファイル_VC用\DxLib.h(1610,1): warning C4819: ファイルは、現在のコード ページ (932) で表示できない文字を含んでいます。データの損失を防ぐために、ファイルを Unicode 形式で保存してください。
  (ソース ファイル 'Source/Button.cpp' をコンパイルしています)
  
C:\DxLib_VC\プロジェクトに追加すべきファイル_VC用\DxLib.h(2014,1): warning C4819: ファイルは、現在のコード ページ (932) で表示できない文字を含んでいます。データの損失を防ぐために、ファイルを Unicode 形式で保存してください。
  (ソース ファイル 'Source/Button.cpp' をコンパイルしています)
  
C:\DxLib_VC\プロジェクトに追加すべきファイル_VC用\DxLib.h(2241,1): warning C4819: ファイルは、現在のコード ページ (932) で表示できない文字を含んでいます。データの損失を防ぐために、ファイルを Unicode 形式で保存してください。
  (ソース ファイル 'Source/Button.cpp' をコンパイルしています)
  
C:\DxLib_VC\プロジェクトに追加すべきファイル_VC用\DxLib.h(2384,1): warning C4819: ファイルは、現在のコード ページ (932) で表示できない文字を含んでいます。データの損失を防ぐために、ファイルを Unicode 形式で保存してください。
  (ソース ファイル 'Source/Button.cpp' をコンパイルしています)
  
C:\DxLib_VC\プロジェクトに追加すべきファイル_VC用\DxLib.h(2557,1): warning C4819: ファイルは、現在のコード ページ (932) で表示できない文字を含んでいます。データの損失を防ぐために、ファイルを Unicode 形式で保存してください。
  (ソース ファイル 'Source/Button.cpp' をコンパイルしています)
  
C:\DxLib_VC\プロジェクトに追加すべきファイル_VC用\DxLib.h(2702,1): warning C4819: ファイルは、現在のコード ページ (932) で表示できない文字を含んでいます。データの損失を防ぐために、ファイルを Unicode 形式で保存してください。
  (ソース ファイル 'Source/Button.cpp' をコンパイルしています)
  
C:\DxLib_VC\プロジェクトに追加すべきファイル_VC用\DxLib.h(2788,1): warning C4819: ファイルは、現在のコード ページ (932) で表示できない文字を含んでいます。データの損失を防ぐために、ファイルを Unicode 形式で保存してください。
  (ソース ファイル 'Source/Button.cpp' をコンパイルしています)
  
C:\DxLib_VC\プロジェクトに追加すべきファイル_VC用\DxLib.h(2891,1): warning C4819: ファイルは、現在のコード ページ (932) で表示できない文字を含んでいます。データの損失を防ぐために、ファイルを Unicode 形式で保存してください。
  (ソース ファイル 'Source/Button.cpp' をコンパイルしています)
  
C:\DxLib_VC\プロジェクトに追加すべきファイル_VC用\DxLib.h(2991,1): warning C4819: ファイルは、現在のコード ページ (932) で表示できない文字を含んでいます。データの損失を防ぐために、ファイルを Unicode 形式で保存してください。
  (ソース ファイル 'Source/Button.cpp' をコンパイルしています)
  
C:\DxLib_VC\プロジェクトに追加すべきファイル_VC用\DxLib.h(3120,1): warning C4819: ファイルは、現在のコード ページ (932) で表示できない文字を含んでいます。データの損失を防ぐために、ファイルを Unicode 形式で保存してください。
  (ソース ファイル 'Source/Button.cpp' をコンパイルしています)
  
C:\DxLib_VC\プロジェクトに追加すべきファイル_VC用\DxLib.h(3264,1): warning C4819: ファイルは、現在のコード ページ (932) で表示できない文字を含んでいます。データの損失を防ぐために、ファイルを Unicode 形式で保存してください。
  (ソース ファイル 'Source/Button.cpp' をコンパイルしています)
  
C:\DxLib_VC\プロジェクトに追加すべきファイル_VC用\DxLib.h(3382,1): warning C4819: ファイルは、現在のコード ページ (932) で表示できない文字を含んでいます。データの損失を防ぐために、ファイルを Unicode 形式で保存してください。
  (ソース ファイル 'Source/Button.cpp' をコンパイルしています)
  
C:\DxLib_VC\プロジェクトに追加すべきファイル_VC用\DxLib.h(3516,1): warning C4819: ファイルは、現在のコード ページ (932) で表示できない文字を含んでいます。データの損失を防ぐために、ファイルを Unicode 形式で保存してください。
  (ソース ファイル 'Source/Button.cpp' をコンパイルしています)
  
C:\DxLib_VC\プロジェクトに追加すべきファイル_VC用\DxLib.h(3698,1): warning C4819: ファイルは、現在のコード ページ (932) で表示できない文字を含んでいます。データの損失を防ぐために、ファイルを Unicode 形式で保存してください。
  (ソース ファイル 'Source/Button.cpp' をコンパイルしています)
  
C:\DxLib_VC\プロジェクトに追加すべきファイル_VC用\DxLib.h(3803,1): warning C4819: ファイルは、現在のコード ページ (932) で表示できない文字を含んでいます。データの損失を防ぐために、ファイルを Unicode 形式で保存してください。
  (ソース ファイル 'Source/Button.cpp' をコンパイルしています)
  
C:\DxLib_VC\プロジェクトに追加すべきファイル_VC用\DxLib.h(3882,1): warning C4819: ファイルは、現在のコード ページ (932) で表示できない文字を含んでいます。データの損失を防ぐために、ファイルを Unicode 形式で保存してください。
  (ソース ファイル 'Source/Button.cpp' をコンパイルしています)
  
C:\DxLib_VC\プロジェクトに追加すべきファイル_VC用\DxLib.h(3984,1): warning C4819: ファイルは、現在のコード ページ (932) で表示できない文字を含んでいます。データの損失を防ぐために、ファイルを Unicode 形式で保存してください。
  (ソース ファイル 'Source/Button.cpp' をコンパイルしています)
  
C:\DxLib_VC\プロジェクトに追加すべきファイル_VC用\DxLib.h(4114,1): warning C4819: ファイルは、現在のコード ページ (932) で表示できない文字を含んでいます。データの損失を防ぐために、ファイルを Unicode 形式で保存してください。
  (ソース ファイル 'Source/Button.cpp' をコンパイルしています)
  
C:\DxLib_VC\プロジェクトに追加すべきファイル_VC用\DxLib.h(4608,1): warning C4819: ファイルは、現在のコード ページ (932) で表示できない文字を含んでいます。データの損失を防ぐために、ファイルを Unicode 形式で保存してください。
  (ソース ファイル 'Source/Button.cpp' をコンパイルしています)
  
C:\DxLib_VC\プロジェクトに追加すべきファイル_VC用\DxLib.h(4761,1): warning C4819: ファイルは、現在のコード ページ (932) で表示できない文字を含んでいます。データの損失を防ぐために、ファイルを Unicode 形式で保存してください。
  (ソース ファイル 'Source/Button.cpp' をコンパイルしています)
  
C:\DxLib_VC\プロジェクトに追加すべきファイル_VC用\DxLib.h(4905,1): warning C4819: ファイルは、現在のコード ページ (932) で表示できない文字を含んでいます。データの損失を防ぐために、ファイルを Unicode 形式で保存してください。
  (ソース ファイル 'Source/Button.cpp' をコンパイルしています)
  
C:\DxLib_VC\プロジェクトに追加すべきファイル_VC用\DxLib.h(5043,1): warning C4819: ファイルは、現在のコード ページ (932) で表示できない文字を含んでいます。データの損失を防ぐために、ファイルを Unicode 形式で保存してください。
  (ソース ファイル 'Source/Button.cpp' をコンパイルしています)
  
C:\DxLib_VC\プロジェクトに追加すべきファイル_VC用\DxLib.h(5190,1): warning C4819: ファイルは、現在のコード ページ (932) で表示できない文字を含んでいます。データの損失を防ぐために、ファイルを Unicode 形式で保存してください。
  (ソース ファイル 'Source/Button.cpp' をコンパイルしています)
  
C:\DxLib_VC\プロジェクトに追加すべきファイル_VC用\DxLib.h(5323,1): warning C4819: ファイルは、現在のコード ページ (932) で表示できない文字を含んでいます。データの損失を防ぐために、ファイルを Unicode 形式で保存してください。
  (ソース ファイル 'Source/Button.cpp' をコンパイルしています)
  
C:\DxLib_VC\プロジェクトに追加すべきファイル_VC用\DxLib.h(5438,1): warning C4819: ファイルは、現在のコード ページ (932) で表示できない文字を含んでいます。データの損失を防ぐために、ファイルを Unicode 形式で保存してください。
  (ソース ファイル 'Source/Button.cpp' をコンパイルしています)
  
C:\DxLib_VC\プロジェクトに追加すべきファイル_VC用\DxLib.h(5605,1): warning C4819: ファイルは、現在のコード ページ (932) で表示できない文字を含んでいます。データの損失を防ぐために、ファイルを Unicode 形式で保存してください。
  (ソース ファイル 'Source/Button.cpp' をコンパイルしています)
  
C:\Program Files\Microsoft Visual Studio\2022\Community\VC\Tools\MSVC\14.44.35207\include\format(42): warning STL4038: The contents of <format> are available only with C++20 or later.
C:\Users\fine\OneDrive\デスクトップ\新しいフォルダー\Source\Button.cpp(82,12): warning C4244: '=': 'float' から 'int' への変換です。データが失われる可能性があります。
C:\Users\fine\OneDrive\デスクトップ\新しいフォルダー\Source\Button.cpp(83,12): warning C4244: '=': 'float' から 'int' への変換です。データが失われる可能性があります。
C:\Users\fine\OneDrive\デスクトップ\新しいフォルダー\Source\Button.cpp(92,21): warning C4244: '+=': 'float' から 'int' への変換です。データが失われる可能性があります。
C:\Users\fine\OneDrive\デスクトップ\新しいフォルダー\Source\Button.cpp(93,21): warning C4244: '+=': 'float' から 'int' への変換です。データが失われる可能性があります。
C:\Users\fine\OneDrive\デスクトップ\新しいフォルダー\Source\Button.cpp(106,6): warning C4244: '=': 'float' から 'int' への変換です。データが失われる可能性があります。
  ButtonPosCSVManager.cpp
  CautionScene.cpp
C:\DxLib_VC\プロジェクトに追加すべきファイル_VC用\DxLib.h(1,1): warning C4819: ファイルは、現在のコード ページ (932) で表示できない文字を含んでいます。データの損失を防ぐために、ファイルを Unicode 形式で保存してください。
  (ソース ファイル 'Source/CautionScene.cpp' をコンパイルしています)
  
C:\DxLib_VC\プロジェクトに追加すべきファイル_VC用\DxLib.h(349,1): warning C4819: ファイルは、現在のコード ページ (932) で表示できない文字を含んでいます。データの損失を防ぐために、ファイルを Unicode 形式で保存してください。
  (ソース ファイル 'Source/CautionScene.cpp' をコンパイルしています)
  
C:\DxLib_VC\プロジェクトに追加すべきファイル_VC用\DxLib.h(708,1): warning C4819: ファイルは、現在のコード ページ (932) で表示できない文字を含んでいます。データの損失を防ぐために、ファイルを Unicode 形式で保存してください。
  (ソース ファイル 'Source/CautionScene.cpp' をコンパイルしています)
  
C:\DxLib_VC\プロジェクトに追加すべきファイル_VC用\DxLib.h(1106,1): warning C4819: ファイルは、現在のコード ページ (932) で表示できない文字を含んでいます。データの損失を防ぐために、ファイルを Unicode 形式で保存してください。
  (ソース ファイル 'Source/CautionScene.cpp' をコンパイルしています)
  
C:\DxLib_VC\プロジェクトに追加すべきファイル_VC用\DxLib.h(1610,1): warning C4819: ファイルは、現在のコード ページ (932) で表示できない文字を含んでいます。データの損失を防ぐために、ファイルを Unicode 形式で保存してください。
  (ソース ファイル 'Source/CautionScene.cpp' をコンパイルしています)
  
C:\DxLib_VC\プロジェクトに追加すべきファイル_VC用\DxLib.h(2014,1): warning C4819: ファイルは、現在のコード ページ (932) で表示できない文字を含んでいます。データの損失を防ぐために、ファイルを Unicode 形式で保存してください。
  (ソース ファイル 'Source/CautionScene.cpp' をコンパイルしています)
  
C:\DxLib_VC\プロジェクトに追加すべきファイル_VC用\DxLib.h(2241,1): warning C4819: ファイルは、現在のコード ページ (932) で表示できない文字を含んでいます。データの損失を防ぐために、ファイルを Unicode 形式で保存してください。
  (ソース ファイル 'Source/CautionScene.cpp' をコンパイルしています)
  
C:\DxLib_VC\プロジェクトに追加すべきファイル_VC用\DxLib.h(2384,1): warning C4819: ファイルは、現在のコード ページ (932) で表示できない文字を含んでいます。データの損失を防ぐために、ファイルを Unicode 形式で保存してください。
  (ソース ファイル 'Source/CautionScene.cpp' をコンパイルしています)
  
C:\DxLib_VC\プロジェクトに追加すべきファイル_VC用\DxLib.h(2557,1): warning C4819: ファイルは、現在のコード ページ (932) で表示できない文字を含んでいます。データの損失を防ぐために、ファイルを Unicode 形式で保存してください。
  (ソース ファイル 'Source/CautionScene.cpp' をコンパイルしています)
  
C:\DxLib_VC\プロジェクトに追加すべきファイル_VC用\DxLib.h(2702,1): warning C4819: ファイルは、現在のコード ページ (932) で表示できない文字を含んでいます。データの損失を防ぐために、ファイルを Unicode 形式で保存してください。
  (ソース ファイル 'Source/CautionScene.cpp' をコンパイルしています)
  
C:\DxLib_VC\プロジェクトに追加すべきファイル_VC用\DxLib.h(2788,1): warning C4819: ファイルは、現在のコード ページ (932) で表示できない文字を含んでいます。データの損失を防ぐために、ファイルを Unicode 形式で保存してください。
  (ソース ファイル 'Source/CautionScene.cpp' をコンパイルしています)
  
C:\DxLib_VC\プロジェクトに追加すべきファイル_VC用\DxLib.h(2891,1): warning C4819: ファイルは、現在のコード ページ (932) で表示できない文字を含んでいます。データの損失を防ぐために、ファイルを Unicode 形式で保存してください。
  (ソース ファイル 'Source/CautionScene.cpp' をコンパイルしています)
  
C:\DxLib_VC\プロジェクトに追加すべきファイル_VC用\DxLib.h(2991,1): warning C4819: ファイルは、現在のコード ページ (932) で表示できない文字を含んでいます。データの損失を防ぐために、ファイルを Unicode 形式で保存してください。
  (ソース ファイル 'Source/CautionScene.cpp' をコンパイルしています)
  
C:\DxLib_VC\プロジェクトに追加すべきファイル_VC用\DxLib.h(3120,1): warning C4819: ファイルは、現在のコード ページ (932) で表示できない文字を含んでいます。データの損失を防ぐために、ファイルを Unicode 形式で保存してください。
  (ソース ファイル 'Source/CautionScene.cpp' をコンパイルしています)
  
C:\DxLib_VC\プロジェクトに追加すべきファイル_VC用\DxLib.h(3264,1): warning C4819: ファイルは、現在のコード ページ (932) で表示できない文字を含んでいます。データの損失を防ぐために、ファイルを Unicode 形式で保存してください。
  (ソース ファイル 'Source/CautionScene.cpp' をコンパイルしています)
  
C:\DxLib_VC\プロジェクトに追加すべきファイル_VC用\DxLib.h(3382,1): warning C4819: ファイルは、現在のコード ページ (932) で表示できない文字を含んでいます。データの損失を防ぐために、ファイルを Unicode 形式で保存してください。
  (ソース ファイル 'Source/CautionScene.cpp' をコンパイルしています)
  
C:\DxLib_VC\プロジェクトに追加すべきファイル_VC用\DxLib.h(3516,1): warning C4819: ファイルは、現在のコード ページ (932) で表示できない文字を含んでいます。データの損失を防ぐために、ファイルを Unicode 形式で保存してください。
  (ソース ファイル 'Source/CautionScene.cpp' をコンパイルしています)
  
C:\DxLib_VC\プロジェクトに追加すべきファイル_VC用\DxLib.h(3698,1): warning C4819: ファイルは、現在のコード ページ (932) で表示できない文字を含んでいます。データの損失を防ぐために、ファイルを Unicode 形式で保存してください。
  (ソース ファイル 'Source/CautionScene.cpp' をコンパイルしています)
  
C:\DxLib_VC\プロジェクトに追加すべきファイル_VC用\DxLib.h(3803,1): warning C4819: ファイルは、現在のコード ページ (932) で表示できない文字を含んでいます。データの損失を防ぐために、ファイルを Unicode 形式で保存してください。
  (ソース ファイル 'Source/CautionScene.cpp' をコンパイルしています)
  
C:\DxLib_VC\プロジェクトに追加すべきファイル_VC用\DxLib.h(3882,1): warning C4819: ファイルは、現在のコード ページ (932) で表示できない文字を含んでいます。データの損失を防ぐために、ファイルを Unicode 形式で保存してください。
  (ソース ファイル 'Source/CautionScene.cpp' をコンパイルしています)
  
C:\DxLib_VC\プロジェクトに追加すべきファイル_VC用\DxLib.h(3984,1): warning C4819: ファイルは、現在のコード ページ (932) で表示できない文字を含んでいます。データの損失を防ぐために、ファイルを Unicode 形式で保存してください。
  (ソース ファイル 'Source/CautionScene.cpp' をコンパイルしています)
  
C:\DxLib_VC\プロジェクトに追加すべきファイル_VC用\DxLib.h(4114,1): warning C4819: ファイルは、現在のコード ページ (932) で表示できない文字を含んでいます。データの損失を防ぐために、ファイルを Unicode 形式で保存してください。
  (ソース ファイル 'Source/CautionScene.cpp' をコンパイルしています)
  
C:\DxLib_VC\プロジェクトに追加すべきファイル_VC用\DxLib.h(4608,1): warning C4819: ファイルは、現在のコード ページ (932) で表示できない文字を含んでいます。データの損失を防ぐために、ファイルを Unicode 形式で保存してください。
  (ソース ファイル 'Source/CautionScene.cpp' をコンパイルしています)
  
C:\DxLib_VC\プロジェクトに追加すべきファイル_VC用\DxLib.h(4761,1): warning C4819: ファイルは、現在のコード ページ (932) で表示できない文字を含んでいます。データの損失を防ぐために、ファイルを Unicode 形式で保存してください。
  (ソース ファイル 'Source/CautionScene.cpp' をコンパイルしています)
  
C:\DxLib_VC\プロジェクトに追加すべきファイル_VC用\DxLib.h(4905,1): warning C4819: ファイルは、現在のコード ページ (932) で表示できない文字を含んでいます。データの損失を防ぐために、ファイルを Unicode 形式で保存してください。
  (ソース ファイル 'Source/CautionScene.cpp' をコンパイルしています)
  
C:\DxLib_VC\プロジェクトに追加すべきファイル_VC用\DxLib.h(5043,1): warning C4819: ファイルは、現在のコード ページ (932) で表示できない文字を含んでいます。データの損失を防ぐために、ファイルを Unicode 形式で保存してください。
  (ソース ファイル 'Source/CautionScene.cpp' をコンパイルしています)
  
C:\DxLib_VC\プロジェクトに追加すべきファイル_VC用\DxLib.h(5190,1): warning C4819: ファイルは、現在のコード ページ (932) で表示できない文字を含んでいます。データの損失を防ぐために、ファイルを Unicode 形式で保存してください。
  (ソース ファイル 'Source/CautionScene.cpp' をコンパイルしています)
  
C:\DxLib_VC\プロジェクトに追加すべきファイル_VC用\DxLib.h(5323,1): warning C4819: ファイルは、現在のコード ページ (932) で表示できない文字を含んでいます。データの損失を防ぐために、ファイルを Unicode 形式で保存してください。
  (ソース ファイル 'Source/CautionScene.cpp' をコンパイルしています)
  
C:\DxLib_VC\プロジェクトに追加すべきファイル_VC用\DxLib.h(5438,1): warning C4819: ファイルは、現在のコード ページ (932) で表示できない文字を含んでいます。データの損失を防ぐために、ファイルを Unicode 形式で保存してください。
  (ソース ファイル 'Source/CautionScene.cpp' をコンパイルしています)
  
C:\DxLib_VC\プロジェクトに追加すべきファイル_VC用\DxLib.h(5605,1): warning C4819: ファイルは、現在のコード ページ (932) で表示できない文字を含んでいます。データの損失を防ぐために、ファイルを Unicode 形式で保存してください。
  (ソース ファイル 'Source/CautionScene.cpp' をコンパイルしています)
  
C:\Program Files\Microsoft Visual Studio\2022\Community\VC\Tools\MSVC\14.44.35207\include\format(42): warning STL4038: The contents of <format> are available only with C++20 or later.
  ClothesData.cpp
  ClothesScene1.cpp
C:\DxLib_VC\プロジェクトに追加すべきファイル_VC用\DxLib.h(1,1): warning C4819: ファイルは、現在のコード ページ (932) で表示できない文字を含んでいます。データの損失を防ぐために、ファイルを Unicode 形式で保存してください。
  (ソース ファイル 'Source/ClothesScene1.cpp' をコンパイルしています)
  
C:\DxLib_VC\プロジェクトに追加すべきファイル_VC用\DxLib.h(349,1): warning C4819: ファイルは、現在のコード ページ (932) で表示できない文字を含んでいます。データの損失を防ぐために、ファイルを Unicode 形式で保存してください。
  (ソース ファイル 'Source/ClothesScene1.cpp' をコンパイルしています)
  
C:\DxLib_VC\プロジェクトに追加すべきファイル_VC用\DxLib.h(708,1): warning C4819: ファイルは、現在のコード ページ (932) で表示できない文字を含んでいます。データの損失を防ぐために、ファイルを Unicode 形式で保存してください。
  (ソース ファイル 'Source/ClothesScene1.cpp' をコンパイルしています)
  
C:\DxLib_VC\プロジェクトに追加すべきファイル_VC用\DxLib.h(1106,1): warning C4819: ファイルは、現在のコード ページ (932) で表示できない文字を含んでいます。データの損失を防ぐために、ファイルを Unicode 形式で保存してください。
  (ソース ファイル 'Source/ClothesScene1.cpp' をコンパイルしています)
  
C:\DxLib_VC\プロジェクトに追加すべきファイル_VC用\DxLib.h(1610,1): warning C4819: ファイルは、現在のコード ページ (932) で表示できない文字を含んでいます。データの損失を防ぐために、ファイルを Unicode 形式で保存してください。
  (ソース ファイル 'Source/ClothesScene1.cpp' をコンパイルしています)
  
C:\DxLib_VC\プロジェクトに追加すべきファイル_VC用\DxLib.h(2014,1): warning C4819: ファイルは、現在のコード ページ (932) で表示できない文字を含んでいます。データの損失を防ぐために、ファイルを Unicode 形式で保存してください。
  (ソース ファイル 'Source/ClothesScene1.cpp' をコンパイルしています)
  
C:\DxLib_VC\プロジェクトに追加すべきファイル_VC用\DxLib.h(2241,1): warning C4819: ファイルは、現在のコード ページ (932) で表示できない文字を含んでいます。データの損失を防ぐために、ファイルを Unicode 形式で保存してください。
  (ソース ファイル 'Source/ClothesScene1.cpp' をコンパイルしています)
  
C:\DxLib_VC\プロジェクトに追加すべきファイル_VC用\DxLib.h(2384,1): warning C4819: ファイルは、現在のコード ページ (932) で表示できない文字を含んでいます。データの損失を防ぐために、ファイルを Unicode 形式で保存してください。
  (ソース ファイル 'Source/ClothesScene1.cpp' をコンパイルしています)
  
C:\DxLib_VC\プロジェクトに追加すべきファイル_VC用\DxLib.h(2557,1): warning C4819: ファイルは、現在のコード ページ (932) で表示できない文字を含んでいます。データの損失を防ぐために、ファイルを Unicode 形式で保存してください。
  (ソース ファイル 'Source/ClothesScene1.cpp' をコンパイルしています)
  
C:\DxLib_VC\プロジェクトに追加すべきファイル_VC用\DxLib.h(2702,1): warning C4819: ファイルは、現在のコード ページ (932) で表示できない文字を含んでいます。データの損失を防ぐために、ファイルを Unicode 形式で保存してください。
  (ソース ファイル 'Source/ClothesScene1.cpp' をコンパイルしています)
  
C:\DxLib_VC\プロジェクトに追加すべきファイル_VC用\DxLib.h(2788,1): warning C4819: ファイルは、現在のコード ページ (932) で表示できない文字を含んでいます。データの損失を防ぐために、ファイルを Unicode 形式で保存してください。
  (ソース ファイル 'Source/ClothesScene1.cpp' をコンパイルしています)
  
C:\DxLib_VC\プロジェクトに追加すべきファイル_VC用\DxLib.h(2891,1): warning C4819: ファイルは、現在のコード ページ (932) で表示できない文字を含んでいます。データの損失を防ぐために、ファイルを Unicode 形式で保存してください。
  (ソース ファイル 'Source/ClothesScene1.cpp' をコンパイルしています)
  
C:\DxLib_VC\プロジェクトに追加すべきファイル_VC用\DxLib.h(2991,1): warning C4819: ファイルは、現在のコード ページ (932) で表示できない文字を含んでいます。データの損失を防ぐために、ファイルを Unicode 形式で保存してください。
  (ソース ファイル 'Source/ClothesScene1.cpp' をコンパイルしています)
  
C:\DxLib_VC\プロジェクトに追加すべきファイル_VC用\DxLib.h(3120,1): warning C4819: ファイルは、現在のコード ページ (932) で表示できない文字を含んでいます。データの損失を防ぐために、ファイルを Unicode 形式で保存してください。
  (ソース ファイル 'Source/ClothesScene1.cpp' をコンパイルしています)
  
C:\DxLib_VC\プロジェクトに追加すべきファイル_VC用\DxLib.h(3264,1): warning C4819: ファイルは、現在のコード ページ (932) で表示できない文字を含んでいます。データの損失を防ぐために、ファイルを Unicode 形式で保存してください。
  (ソース ファイル 'Source/ClothesScene1.cpp' をコンパイルしています)
  
C:\DxLib_VC\プロジェクトに追加すべきファイル_VC用\DxLib.h(3382,1): warning C4819: ファイルは、現在のコード ページ (932) で表示できない文字を含んでいます。データの損失を防ぐために、ファイルを Unicode 形式で保存してください。
  (ソース ファイル 'Source/ClothesScene1.cpp' をコンパイルしています)
  
C:\DxLib_VC\プロジェクトに追加すべきファイル_VC用\DxLib.h(3516,1): warning C4819: ファイルは、現在のコード ページ (932) で表示できない文字を含んでいます。データの損失を防ぐために、ファイルを Unicode 形式で保存してください。
  (ソース ファイル 'Source/ClothesScene1.cpp' をコンパイルしています)
  
C:\DxLib_VC\プロジェクトに追加すべきファイル_VC用\DxLib.h(3698,1): warning C4819: ファイルは、現在のコード ページ (932) で表示できない文字を含んでいます。データの損失を防ぐために、ファイルを Unicode 形式で保存してください。
  (ソース ファイル 'Source/ClothesScene1.cpp' をコンパイルしています)
  
C:\DxLib_VC\プロジェクトに追加すべきファイル_VC用\DxLib.h(3803,1): warning C4819: ファイルは、現在のコード ページ (932) で表示できない文字を含んでいます。データの損失を防ぐために、ファイルを Unicode 形式で保存してください。
  (ソース ファイル 'Source/ClothesScene1.cpp' をコンパイルしています)
  
C:\DxLib_VC\プロジェクトに追加すべきファイル_VC用\DxLib.h(3882,1): warning C4819: ファイルは、現在のコード ページ (932) で表示できない文字を含んでいます。データの損失を防ぐために、ファイルを Unicode 形式で保存してください。
  (ソース ファイル 'Source/ClothesScene1.cpp' をコンパイルしています)
  
C:\DxLib_VC\プロジェクトに追加すべきファイル_VC用\DxLib.h(3984,1): warning C4819: ファイルは、現在のコード ページ (932) で表示できない文字を含んでいます。データの損失を防ぐために、ファイルを Unicode 形式で保存してください。
  (ソース ファイル 'Source/ClothesScene1.cpp' をコンパイルしています)
  
C:\DxLib_VC\プロジェクトに追加すべきファイル_VC用\DxLib.h(4114,1): warning C4819: ファイルは、現在のコード ページ (932) で表示できない文字を含んでいます。データの損失を防ぐために、ファイルを Unicode 形式で保存してください。
  (ソース ファイル 'Source/ClothesScene1.cpp' をコンパイルしています)
  
C:\DxLib_VC\プロジェクトに追加すべきファイル_VC用\DxLib.h(4608,1): warning C4819: ファイルは、現在のコード ページ (932) で表示できない文字を含んでいます。データの損失を防ぐために、ファイルを Unicode 形式で保存してください。
  (ソース ファイル 'Source/ClothesScene1.cpp' をコンパイルしています)
  
C:\DxLib_VC\プロジェクトに追加すべきファイル_VC用\DxLib.h(4761,1): warning C4819: ファイルは、現在のコード ページ (932) で表示できない文字を含んでいます。データの損失を防ぐために、ファイルを Unicode 形式で保存してください。
  (ソース ファイル 'Source/ClothesScene1.cpp' をコンパイルしています)
  
C:\DxLib_VC\プロジェクトに追加すべきファイル_VC用\DxLib.h(4905,1): warning C4819: ファイルは、現在のコード ページ (932) で表示できない文字を含んでいます。データの損失を防ぐために、ファイルを Unicode 形式で保存してください。
  (ソース ファイル 'Source/ClothesScene1.cpp' をコンパイルしています)
  
C:\DxLib_VC\プロジェクトに追加すべきファイル_VC用\DxLib.h(5043,1): warning C4819: ファイルは、現在のコード ページ (932) で表示できない文字を含んでいます。データの損失を防ぐために、ファイルを Unicode 形式で保存してください。
  (ソース ファイル 'Source/ClothesScene1.cpp' をコンパイルしています)
  
C:\DxLib_VC\プロジェクトに追加すべきファイル_VC用\DxLib.h(5190,1): warning C4819: ファイルは、現在のコード ページ (932) で表示できない文字を含んでいます。データの損失を防ぐために、ファイルを Unicode 形式で保存してください。
  (ソース ファイル 'Source/ClothesScene1.cpp' をコンパイルしています)
  
C:\DxLib_VC\プロジェクトに追加すべきファイル_VC用\DxLib.h(5323,1): warning C4819: ファイルは、現在のコード ページ (932) で表示できない文字を含んでいます。データの損失を防ぐために、ファイルを Unicode 形式で保存してください。
  (ソース ファイル 'Source/ClothesScene1.cpp' をコンパイルしています)
  
C:\DxLib_VC\プロジェクトに追加すべきファイル_VC用\DxLib.h(5438,1): warning C4819: ファイルは、現在のコード ページ (932) で表示できない文字を含んでいます。データの損失を防ぐために、ファイルを Unicode 形式で保存してください。
  (ソース ファイル 'Source/ClothesScene1.cpp' をコンパイルしています)
  
C:\DxLib_VC\プロジェクトに追加すべきファイル_VC用\DxLib.h(5605,1): warning C4819: ファイルは、現在のコード ページ (932) で表示できない文字を含んでいます。データの損失を防ぐために、ファイルを Unicode 形式で保存してください。
  (ソース ファイル 'Source/ClothesScene1.cpp' をコンパイルしています)
  
C:\Program Files\Microsoft Visual Studio\2022\Community\VC\Tools\MSVC\14.44.35207\include\format(42): warning STL4038: The contents of <format> are available only with C++20 or later.
C:\Users\fine\OneDrive\デスクトップ\新しいフォルダー\Source\ClothesScene1.cpp(101,32): warning C4244: '引数': 'int' から 'float' への変換です。データが失われる可能性があります。
C:\Users\fine\OneDrive\デスクトップ\新しいフォルダー\Source\ClothesScene1.cpp(101,28): warning C4244: '引数': 'int' から 'float' への変換です。データが失われる可能性があります。
C:\Users\fine\OneDrive\デスクトップ\新しいフォルダー\Source\ClothesScene1.cpp(102,32): warning C4244: '引数': 'int' から 'float' への変換です。データが失われる可能性があります。
C:\Users\fine\OneDrive\デスクトップ\新しいフォルダー\Source\ClothesScene1.cpp(102,28): warning C4244: '引数': 'int' から 'float' への変換です。データが失われる可能性があります。
C:\Users\fine\OneDrive\デスクトップ\新しいフォルダー\Source\ClothesScene1.cpp(103,32): warning C4244: '引数': 'int' から 'float' への変換です。データが失われる可能性があります。
C:\Users\fine\OneDrive\デスクトップ\新しいフォルダー\Source\ClothesScene1.cpp(103,28): warning C4244: '引数': 'int' から 'float' への変換です。データが失われる可能性があります。
C:\Users\fine\OneDrive\デスクトップ\新しいフォルダー\Source\ClothesScene1.cpp(104,32): warning C4244: '引数': 'int' から 'float' への変換です。データが失われる可能性があります。
C:\Users\fine\OneDrive\デスクトップ\新しいフォルダー\Source\ClothesScene1.cpp(104,28): warning C4244: '引数': 'int' から 'float' への変換です。データが失われる可能性があります。
C:\Users\fine\OneDrive\デスクトップ\新しいフォルダー\Source\ClothesScene1.cpp(105,32): warning C4244: '引数': 'int' から 'float' への変換です。データが失われる可能性があります。
C:\Users\fine\OneDrive\デスクトップ\新しいフォルダー\Source\ClothesScene1.cpp(105,28): warning C4244: '引数': 'int' から 'float' への変換です。データが失われる可能性があります。
  ClothesScene2.cpp
C:\DxLib_VC\プロジェクトに追加すべきファイル_VC用\DxLib.h(1,1): warning C4819: ファイルは、現在のコード ページ (932) で表示できない文字を含んでいます。データの損失を防ぐために、ファイルを Unicode 形式で保存してください。
  (ソース ファイル 'Source/ClothesScene2.cpp' をコンパイルしています)
  
C:\DxLib_VC\プロジェクトに追加すべきファイル_VC用\DxLib.h(349,1): warning C4819: ファイルは、現在のコード ページ (932) で表示できない文字を含んでいます。データの損失を防ぐために、ファイルを Unicode 形式で保存してください。
  (ソース ファイル 'Source/ClothesScene2.cpp' をコンパイルしています)
  
C:\DxLib_VC\プロジェクトに追加すべきファイル_VC用\DxLib.h(708,1): warning C4819: ファイルは、現在のコード ページ (932) で表示できない文字を含んでいます。データの損失を防ぐために、ファイルを Unicode 形式で保存してください。
  (ソース ファイル 'Source/ClothesScene2.cpp' をコンパイルしています)
  
C:\DxLib_VC\プロジェクトに追加すべきファイル_VC用\DxLib.h(1106,1): warning C4819: ファイルは、現在のコード ページ (932) で表示できない文字を含んでいます。データの損失を防ぐために、ファイルを Unicode 形式で保存してください。
  (ソース ファイル 'Source/ClothesScene2.cpp' をコンパイルしています)
  
C:\DxLib_VC\プロジェクトに追加すべきファイル_VC用\DxLib.h(1610,1): warning C4819: ファイルは、現在のコード ページ (932) で表示できない文字を含んでいます。データの損失を防ぐために、ファイルを Unicode 形式で保存してください。
  (ソース ファイル 'Source/ClothesScene2.cpp' をコンパイルしています)
  
C:\DxLib_VC\プロジェクトに追加すべきファイル_VC用\DxLib.h(2014,1): warning C4819: ファイルは、現在のコード ページ (932) で表示できない文字を含んでいます。データの損失を防ぐために、ファイルを Unicode 形式で保存してください。
  (ソース ファイル 'Source/ClothesScene2.cpp' をコンパイルしています)
  
C:\DxLib_VC\プロジェクトに追加すべきファイル_VC用\DxLib.h(2241,1): warning C4819: ファイルは、現在のコード ページ (932) で表示できない文字を含んでいます。データの損失を防ぐために、ファイルを Unicode 形式で保存してください。
  (ソース ファイル 'Source/ClothesScene2.cpp' をコンパイルしています)
  
C:\DxLib_VC\プロジェクトに追加すべきファイル_VC用\DxLib.h(2384,1): warning C4819: ファイルは、現在のコード ページ (932) で表示できない文字を含んでいます。データの損失を防ぐために、ファイルを Unicode 形式で保存してください。
  (ソース ファイル 'Source/ClothesScene2.cpp' をコンパイルしています)
  
C:\DxLib_VC\プロジェクトに追加すべきファイル_VC用\DxLib.h(2557,1): warning C4819: ファイルは、現在のコード ページ (932) で表示できない文字を含んでいます。データの損失を防ぐために、ファイルを Unicode 形式で保存してください。
  (ソース ファイル 'Source/ClothesScene2.cpp' をコンパイルしています)
  
C:\DxLib_VC\プロジェクトに追加すべきファイル_VC用\DxLib.h(2702,1): warning C4819: ファイルは、現在のコード ページ (932) で表示できない文字を含んでいます。データの損失を防ぐために、ファイルを Unicode 形式で保存してください。
  (ソース ファイル 'Source/ClothesScene2.cpp' をコンパイルしています)
  
C:\DxLib_VC\プロジェクトに追加すべきファイル_VC用\DxLib.h(2788,1): warning C4819: ファイルは、現在のコード ページ (932) で表示できない文字を含んでいます。データの損失を防ぐために、ファイルを Unicode 形式で保存してください。
  (ソース ファイル 'Source/ClothesScene2.cpp' をコンパイルしています)
  
C:\DxLib_VC\プロジェクトに追加すべきファイル_VC用\DxLib.h(2891,1): warning C4819: ファイルは、現在のコード ページ (932) で表示できない文字を含んでいます。データの損失を防ぐために、ファイルを Unicode 形式で保存してください。
  (ソース ファイル 'Source/ClothesScene2.cpp' をコンパイルしています)
  
C:\DxLib_VC\プロジェクトに追加すべきファイル_VC用\DxLib.h(2991,1): warning C4819: ファイルは、現在のコード ページ (932) で表示できない文字を含んでいます。データの損失を防ぐために、ファイルを Unicode 形式で保存してください。
  (ソース ファイル 'Source/ClothesScene2.cpp' をコンパイルしています)
  
C:\DxLib_VC\プロジェクトに追加すべきファイル_VC用\DxLib.h(3120,1): warning C4819: ファイルは、現在のコード ページ (932) で表示できない文字を含んでいます。データの損失を防ぐために、ファイルを Unicode 形式で保存してください。
  (ソース ファイル 'Source/ClothesScene2.cpp' をコンパイルしています)
  
C:\DxLib_VC\プロジェクトに追加すべきファイル_VC用\DxLib.h(3264,1): warning C4819: ファイルは、現在のコード ページ (932) で表示できない文字を含んでいます。データの損失を防ぐために、ファイルを Unicode 形式で保存してください。
  (ソース ファイル 'Source/ClothesScene2.cpp' をコンパイルしています)
  
C:\DxLib_VC\プロジェクトに追加すべきファイル_VC用\DxLib.h(3382,1): warning C4819: ファイルは、現在のコード ページ (932) で表示できない文字を含んでいます。データの損失を防ぐために、ファイルを Unicode 形式で保存してください。
  (ソース ファイル 'Source/ClothesScene2.cpp' をコンパイルしています)
  
C:\DxLib_VC\プロジェクトに追加すべきファイル_VC用\DxLib.h(3516,1): warning C4819: ファイルは、現在のコード ページ (932) で表示できない文字を含んでいます。データの損失を防ぐために、ファイルを Unicode 形式で保存してください。
  (ソース ファイル 'Source/ClothesScene2.cpp' をコンパイルしています)
  
C:\DxLib_VC\プロジェクトに追加すべきファイル_VC用\DxLib.h(3698,1): warning C4819: ファイルは、現在のコード ページ (932) で表示できない文字を含んでいます。データの損失を防ぐために、ファイルを Unicode 形式で保存してください。
  (ソース ファイル 'Source/ClothesScene2.cpp' をコンパイルしています)
  
C:\DxLib_VC\プロジェクトに追加すべきファイル_VC用\DxLib.h(3803,1): warning C4819: ファイルは、現在のコード ページ (932) で表示できない文字を含んでいます。データの損失を防ぐために、ファイルを Unicode 形式で保存してください。
  (ソース ファイル 'Source/ClothesScene2.cpp' をコンパイルしています)
  
C:\DxLib_VC\プロジェクトに追加すべきファイル_VC用\DxLib.h(3882,1): warning C4819: ファイルは、現在のコード ページ (932) で表示できない文字を含んでいます。データの損失を防ぐために、ファイルを Unicode 形式で保存してください。
  (ソース ファイル 'Source/ClothesScene2.cpp' をコンパイルしています)
  
C:\DxLib_VC\プロジェクトに追加すべきファイル_VC用\DxLib.h(3984,1): warning C4819: ファイルは、現在のコード ページ (932) で表示できない文字を含んでいます。データの損失を防ぐために、ファイルを Unicode 形式で保存してください。
  (ソース ファイル 'Source/ClothesScene2.cpp' をコンパイルしています)
  
C:\DxLib_VC\プロジェクトに追加すべきファイル_VC用\DxLib.h(4114,1): warning C4819: ファイルは、現在のコード ページ (932) で表示できない文字を含んでいます。データの損失を防ぐために、ファイルを Unicode 形式で保存してください。
  (ソース ファイル 'Source/ClothesScene2.cpp' をコンパイルしています)
  
C:\DxLib_VC\プロジェクトに追加すべきファイル_VC用\DxLib.h(4608,1): warning C4819: ファイルは、現在のコード ページ (932) で表示できない文字を含んでいます。データの損失を防ぐために、ファイルを Unicode 形式で保存してください。
  (ソース ファイル 'Source/ClothesScene2.cpp' をコンパイルしています)
  
C:\DxLib_VC\プロジェクトに追加すべきファイル_VC用\DxLib.h(4761,1): warning C4819: ファイルは、現在のコード ページ (932) で表示できない文字を含んでいます。データの損失を防ぐために、ファイルを Unicode 形式で保存してください。
  (ソース ファイル 'Source/ClothesScene2.cpp' をコンパイルしています)
  
C:\DxLib_VC\プロジェクトに追加すべきファイル_VC用\DxLib.h(4905,1): warning C4819: ファイルは、現在のコード ページ (932) で表示できない文字を含んでいます。データの損失を防ぐために、ファイルを Unicode 形式で保存してください。
  (ソース ファイル 'Source/ClothesScene2.cpp' をコンパイルしています)
  
C:\DxLib_VC\プロジェクトに追加すべきファイル_VC用\DxLib.h(5043,1): warning C4819: ファイルは、現在のコード ページ (932) で表示できない文字を含んでいます。データの損失を防ぐために、ファイルを Unicode 形式で保存してください。
  (ソース ファイル 'Source/ClothesScene2.cpp' をコンパイルしています)
  
C:\DxLib_VC\プロジェクトに追加すべきファイル_VC用\DxLib.h(5190,1): warning C4819: ファイルは、現在のコード ページ (932) で表示できない文字を含んでいます。データの損失を防ぐために、ファイルを Unicode 形式で保存してください。
  (ソース ファイル 'Source/ClothesScene2.cpp' をコンパイルしています)
  
C:\DxLib_VC\プロジェクトに追加すべきファイル_VC用\DxLib.h(5323,1): warning C4819: ファイルは、現在のコード ページ (932) で表示できない文字を含んでいます。データの損失を防ぐために、ファイルを Unicode 形式で保存してください。
  (ソース ファイル 'Source/ClothesScene2.cpp' をコンパイルしています)
  
C:\DxLib_VC\プロジェクトに追加すべきファイル_VC用\DxLib.h(5438,1): warning C4819: ファイルは、現在のコード ページ (932) で表示できない文字を含んでいます。データの損失を防ぐために、ファイルを Unicode 形式で保存してください。
  (ソース ファイル 'Source/ClothesScene2.cpp' をコンパイルしています)
  
C:\DxLib_VC\プロジェクトに追加すべきファイル_VC用\DxLib.h(5605,1): warning C4819: ファイルは、現在のコード ページ (932) で表示できない文字を含んでいます。データの損失を防ぐために、ファイルを Unicode 形式で保存してください。
  (ソース ファイル 'Source/ClothesScene2.cpp' をコンパイルしています)
  
C:\Program Files\Microsoft Visual Studio\2022\Community\VC\Tools\MSVC\14.44.35207\include\format(42): warning STL4038: The contents of <format> are available only with C++20 or later.
  コードを生成中...
  コンパイル中...
  ClothesScene3.cpp
C:\DxLib_VC\プロジェクトに追加すべきファイル_VC用\DxLib.h(1,1): warning C4819: ファイルは、現在のコード ページ (932) で表示できない文字を含んでいます。データの損失を防ぐために、ファイルを Unicode 形式で保存してください。
  (ソース ファイル 'Source/ClothesScene3.cpp' をコンパイルしています)
  
C:\DxLib_VC\プロジェクトに追加すべきファイル_VC用\DxLib.h(349,1): warning C4819: ファイルは、現在のコード ページ (932) で表示できない文字を含んでいます。データの損失を防ぐために、ファイルを Unicode 形式で保存してください。
  (ソース ファイル 'Source/ClothesScene3.cpp' をコンパイルしています)
  
C:\DxLib_VC\プロジェクトに追加すべきファイル_VC用\DxLib.h(708,1): warning C4819: ファイルは、現在のコード ページ (932) で表示できない文字を含んでいます。データの損失を防ぐために、ファイルを Unicode 形式で保存してください。
  (ソース ファイル 'Source/ClothesScene3.cpp' をコンパイルしています)
  
C:\DxLib_VC\プロジェクトに追加すべきファイル_VC用\DxLib.h(1106,1): warning C4819: ファイルは、現在のコード ページ (932) で表示できない文字を含んでいます。データの損失を防ぐために、ファイルを Unicode 形式で保存してください。
  (ソース ファイル 'Source/ClothesScene3.cpp' をコンパイルしています)
  
C:\DxLib_VC\プロジェクトに追加すべきファイル_VC用\DxLib.h(1610,1): warning C4819: ファイルは、現在のコード ページ (932) で表示できない文字を含んでいます。データの損失を防ぐために、ファイルを Unicode 形式で保存してください。
  (ソース ファイル 'Source/ClothesScene3.cpp' をコンパイルしています)
  
C:\DxLib_VC\プロジェクトに追加すべきファイル_VC用\DxLib.h(2014,1): warning C4819: ファイルは、現在のコード ページ (932) で表示できない文字を含んでいます。データの損失を防ぐために、ファイルを Unicode 形式で保存してください。
  (ソース ファイル 'Source/ClothesScene3.cpp' をコンパイルしています)
  
C:\DxLib_VC\プロジェクトに追加すべきファイル_VC用\DxLib.h(2241,1): warning C4819: ファイルは、現在のコード ページ (932) で表示できない文字を含んでいます。データの損失を防ぐために、ファイルを Unicode 形式で保存してください。
  (ソース ファイル 'Source/ClothesScene3.cpp' をコンパイルしています)
  
C:\DxLib_VC\プロジェクトに追加すべきファイル_VC用\DxLib.h(2384,1): warning C4819: ファイルは、現在のコード ページ (932) で表示できない文字を含んでいます。データの損失を防ぐために、ファイルを Unicode 形式で保存してください。
  (ソース ファイル 'Source/ClothesScene3.cpp' をコンパイルしています)
  
C:\DxLib_VC\プロジェクトに追加すべきファイル_VC用\DxLib.h(2557,1): warning C4819: ファイルは、現在のコード ページ (932) で表示できない文字を含んでいます。データの損失を防ぐために、ファイルを Unicode 形式で保存してください。
  (ソース ファイル 'Source/ClothesScene3.cpp' をコンパイルしています)
  
C:\DxLib_VC\プロジェクトに追加すべきファイル_VC用\DxLib.h(2702,1): warning C4819: ファイルは、現在のコード ページ (932) で表示できない文字を含んでいます。データの損失を防ぐために、ファイルを Unicode 形式で保存してください。
  (ソース ファイル 'Source/ClothesScene3.cpp' をコンパイルしています)
  
C:\DxLib_VC\プロジェクトに追加すべきファイル_VC用\DxLib.h(2788,1): warning C4819: ファイルは、現在のコード ページ (932) で表示できない文字を含んでいます。データの損失を防ぐために、ファイルを Unicode 形式で保存してください。
  (ソース ファイル 'Source/ClothesScene3.cpp' をコンパイルしています)
  
C:\DxLib_VC\プロジェクトに追加すべきファイル_VC用\DxLib.h(2891,1): warning C4819: ファイルは、現在のコード ページ (932) で表示できない文字を含んでいます。データの損失を防ぐために、ファイルを Unicode 形式で保存してください。
  (ソース ファイル 'Source/ClothesScene3.cpp' をコンパイルしています)
  
C:\DxLib_VC\プロジェクトに追加すべきファイル_VC用\DxLib.h(2991,1): warning C4819: ファイルは、現在のコード ページ (932) で表示できない文字を含んでいます。データの損失を防ぐために、ファイルを Unicode 形式で保存してください。
  (ソース ファイル 'Source/ClothesScene3.cpp' をコンパイルしています)
  
C:\DxLib_VC\プロジェクトに追加すべきファイル_VC用\DxLib.h(3120,1): warning C4819: ファイルは、現在のコード ページ (932) で表示できない文字を含んでいます。データの損失を防ぐために、ファイルを Unicode 形式で保存してください。
  (ソース ファイル 'Source/ClothesScene3.cpp' をコンパイルしています)
  
C:\DxLib_VC\プロジェクトに追加すべきファイル_VC用\DxLib.h(3264,1): warning C4819: ファイルは、現在のコード ページ (932) で表示できない文字を含んでいます。データの損失を防ぐために、ファイルを Unicode 形式で保存してください。
  (ソース ファイル 'Source/ClothesScene3.cpp' をコンパイルしています)
  
C:\DxLib_VC\プロジェクトに追加すべきファイル_VC用\DxLib.h(3382,1): warning C4819: ファイルは、現在のコード ページ (932) で表示できない文字を含んでいます。データの損失を防ぐために、ファイルを Unicode 形式で保存してください。
  (ソース ファイル 'Source/ClothesScene3.cpp' をコンパイルしています)
  
C:\DxLib_VC\プロジェクトに追加すべきファイル_VC用\DxLib.h(3516,1): warning C4819: ファイルは、現在のコード ページ (932) で表示できない文字を含んでいます。データの損失を防ぐために、ファイルを Unicode 形式で保存してください。
  (ソース ファイル 'Source/ClothesScene3.cpp' をコンパイルしています)
  
C:\DxLib_VC\プロジェクトに追加すべきファイル_VC用\DxLib.h(3698,1): warning C4819: ファイルは、現在のコード ページ (932) で表示できない文字を含んでいます。データの損失を防ぐために、ファイルを Unicode 形式で保存してください。
  (ソース ファイル 'Source/ClothesScene3.cpp' をコンパイルしています)
  
C:\DxLib_VC\プロジェクトに追加すべきファイル_VC用\DxLib.h(3803,1): warning C4819: ファイルは、現在のコード ページ (932) で表示できない文字を含んでいます。データの損失を防ぐために、ファイルを Unicode 形式で保存してください。
  (ソース ファイル 'Source/ClothesScene3.cpp' をコンパイルしています)
  
C:\DxLib_VC\プロジェクトに追加すべきファイル_VC用\DxLib.h(3882,1): warning C4819: ファイルは、現在のコード ページ (932) で表示できない文字を含んでいます。データの損失を防ぐために、ファイルを Unicode 形式で保存してください。
  (ソース ファイル 'Source/ClothesScene3.cpp' をコンパイルしています)
  
C:\DxLib_VC\プロジェクトに追加すべきファイル_VC用\DxLib.h(3984,1): warning C4819: ファイルは、現在のコード ページ (932) で表示できない文字を含んでいます。データの損失を防ぐために、ファイルを Unicode 形式で保存してください。
  (ソース ファイル 'Source/ClothesScene3.cpp' をコンパイルしています)
  
C:\DxLib_VC\プロジェクトに追加すべきファイル_VC用\DxLib.h(4114,1): warning C4819: ファイルは、現在のコード ページ (932) で表示できない文字を含んでいます。データの損失を防ぐために、ファイルを Unicode 形式で保存してください。
  (ソース ファイル 'Source/ClothesScene3.cpp' をコンパイルしています)
  
C:\DxLib_VC\プロジェクトに追加すべきファイル_VC用\DxLib.h(4608,1): warning C4819: ファイルは、現在のコード ページ (932) で表示できない文字を含んでいます。データの損失を防ぐために、ファイルを Unicode 形式で保存してください。
  (ソース ファイル 'Source/ClothesScene3.cpp' をコンパイルしています)
  
C:\DxLib_VC\プロジェクトに追加すべきファイル_VC用\DxLib.h(4761,1): warning C4819: ファイルは、現在のコード ページ (932) で表示できない文字を含んでいます。データの損失を防ぐために、ファイルを Unicode 形式で保存してください。
  (ソース ファイル 'Source/ClothesScene3.cpp' をコンパイルしています)
  
C:\DxLib_VC\プロジェクトに追加すべきファイル_VC用\DxLib.h(4905,1): warning C4819: ファイルは、現在のコード ページ (932) で表示できない文字を含んでいます。データの損失を防ぐために、ファイルを Unicode 形式で保存してください。
  (ソース ファイル 'Source/ClothesScene3.cpp' をコンパイルしています)
  
C:\DxLib_VC\プロジェクトに追加すべきファイル_VC用\DxLib.h(5043,1): warning C4819: ファイルは、現在のコード ページ (932) で表示できない文字を含んでいます。データの損失を防ぐために、ファイルを Unicode 形式で保存してください。
  (ソース ファイル 'Source/ClothesScene3.cpp' をコンパイルしています)
  
C:\DxLib_VC\プロジェクトに追加すべきファイル_VC用\DxLib.h(5190,1): warning C4819: ファイルは、現在のコード ページ (932) で表示できない文字を含んでいます。データの損失を防ぐために、ファイルを Unicode 形式で保存してください。
  (ソース ファイル 'Source/ClothesScene3.cpp' をコンパイルしています)
  
C:\DxLib_VC\プロジェクトに追加すべきファイル_VC用\DxLib.h(5323,1): warning C4819: ファイルは、現在のコード ページ (932) で表示できない文字を含んでいます。データの損失を防ぐために、ファイルを Unicode 形式で保存してください。
  (ソース ファイル 'Source/ClothesScene3.cpp' をコンパイルしています)
  
C:\DxLib_VC\プロジェクトに追加すべきファイル_VC用\DxLib.h(5438,1): warning C4819: ファイルは、現在のコード ページ (932) で表示できない文字を含んでいます。データの損失を防ぐために、ファイルを Unicode 形式で保存してください。
  (ソース ファイル 'Source/ClothesScene3.cpp' をコンパイルしています)
  
C:\DxLib_VC\プロジェクトに追加すべきファイル_VC用\DxLib.h(5605,1): warning C4819: ファイルは、現在のコード ページ (932) で表示できない文字を含んでいます。データの損失を防ぐために、ファイルを Unicode 形式で保存してください。
  (ソース ファイル 'Source/ClothesScene3.cpp' をコンパイルしています)
  
C:\Program Files\Microsoft Visual Studio\2022\Community\VC\Tools\MSVC\14.44.35207\include\format(42): warning STL4038: The contents of <format> are available only with C++20 or later.
  ClothesScene4.cpp
C:\DxLib_VC\プロジェクトに追加すべきファイル_VC用\DxLib.h(1,1): warning C4819: ファイルは、現在のコード ページ (932) で表示できない文字を含んでいます。データの損失を防ぐために、ファイルを Unicode 形式で保存してください。
  (ソース ファイル 'Source/ClothesScene4.cpp' をコンパイルしています)
  
C:\DxLib_VC\プロジェクトに追加すべきファイル_VC用\DxLib.h(349,1): warning C4819: ファイルは、現在のコード ページ (932) で表示できない文字を含んでいます。データの損失を防ぐために、ファイルを Unicode 形式で保存してください。
  (ソース ファイル 'Source/ClothesScene4.cpp' をコンパイルしています)
  
C:\DxLib_VC\プロジェクトに追加すべきファイル_VC用\DxLib.h(708,1): warning C4819: ファイルは、現在のコード ページ (932) で表示できない文字を含んでいます。データの損失を防ぐために、ファイルを Unicode 形式で保存してください。
  (ソース ファイル 'Source/ClothesScene4.cpp' をコンパイルしています)
  
C:\DxLib_VC\プロジェクトに追加すべきファイル_VC用\DxLib.h(1106,1): warning C4819: ファイルは、現在のコード ページ (932) で表示できない文字を含んでいます。データの損失を防ぐために、ファイルを Unicode 形式で保存してください。
  (ソース ファイル 'Source/ClothesScene4.cpp' をコンパイルしています)
  
C:\DxLib_VC\プロジェクトに追加すべきファイル_VC用\DxLib.h(1610,1): warning C4819: ファイルは、現在のコード ページ (932) で表示できない文字を含んでいます。データの損失を防ぐために、ファイルを Unicode 形式で保存してください。
  (ソース ファイル 'Source/ClothesScene4.cpp' をコンパイルしています)
  
C:\DxLib_VC\プロジェクトに追加すべきファイル_VC用\DxLib.h(2014,1): warning C4819: ファイルは、現在のコード ページ (932) で表示できない文字を含んでいます。データの損失を防ぐために、ファイルを Unicode 形式で保存してください。
  (ソース ファイル 'Source/ClothesScene4.cpp' をコンパイルしています)
  
C:\DxLib_VC\プロジェクトに追加すべきファイル_VC用\DxLib.h(2241,1): warning C4819: ファイルは、現在のコード ページ (932) で表示できない文字を含んでいます。データの損失を防ぐために、ファイルを Unicode 形式で保存してください。
  (ソース ファイル 'Source/ClothesScene4.cpp' をコンパイルしています)
  
C:\DxLib_VC\プロジェクトに追加すべきファイル_VC用\DxLib.h(2384,1): warning C4819: ファイルは、現在のコード ページ (932) で表示できない文字を含んでいます。データの損失を防ぐために、ファイルを Unicode 形式で保存してください。
  (ソース ファイル 'Source/ClothesScene4.cpp' をコンパイルしています)
  
C:\DxLib_VC\プロジェクトに追加すべきファイル_VC用\DxLib.h(2557,1): warning C4819: ファイルは、現在のコード ページ (932) で表示できない文字を含んでいます。データの損失を防ぐために、ファイルを Unicode 形式で保存してください。
  (ソース ファイル 'Source/ClothesScene4.cpp' をコンパイルしています)
  
C:\DxLib_VC\プロジェクトに追加すべきファイル_VC用\DxLib.h(2702,1): warning C4819: ファイルは、現在のコード ページ (932) で表示できない文字を含んでいます。データの損失を防ぐために、ファイルを Unicode 形式で保存してください。
  (ソース ファイル 'Source/ClothesScene4.cpp' をコンパイルしています)
  
C:\DxLib_VC\プロジェクトに追加すべきファイル_VC用\DxLib.h(2788,1): warning C4819: ファイルは、現在のコード ページ (932) で表示できない文字を含んでいます。データの損失を防ぐために、ファイルを Unicode 形式で保存してください。
  (ソース ファイル 'Source/ClothesScene4.cpp' をコンパイルしています)
  
C:\DxLib_VC\プロジェクトに追加すべきファイル_VC用\DxLib.h(2891,1): warning C4819: ファイルは、現在のコード ページ (932) で表示できない文字を含んでいます。データの損失を防ぐために、ファイルを Unicode 形式で保存してください。
  (ソース ファイル 'Source/ClothesScene4.cpp' をコンパイルしています)
  
C:\DxLib_VC\プロジェクトに追加すべきファイル_VC用\DxLib.h(2991,1): warning C4819: ファイルは、現在のコード ページ (932) で表示できない文字を含んでいます。データの損失を防ぐために、ファイルを Unicode 形式で保存してください。
  (ソース ファイル 'Source/ClothesScene4.cpp' をコンパイルしています)
  
C:\DxLib_VC\プロジェクトに追加すべきファイル_VC用\DxLib.h(3120,1): warning C4819: ファイルは、現在のコード ページ (932) で表示できない文字を含んでいます。データの損失を防ぐために、ファイルを Unicode 形式で保存してください。
  (ソース ファイル 'Source/ClothesScene4.cpp' をコンパイルしています)
  
C:\DxLib_VC\プロジェクトに追加すべきファイル_VC用\DxLib.h(3264,1): warning C4819: ファイルは、現在のコード ページ (932) で表示できない文字を含んでいます。データの損失を防ぐために、ファイルを Unicode 形式で保存してください。
  (ソース ファイル 'Source/ClothesScene4.cpp' をコンパイルしています)
  
C:\DxLib_VC\プロジェクトに追加すべきファイル_VC用\DxLib.h(3382,1): warning C4819: ファイルは、現在のコード ページ (932) で表示できない文字を含んでいます。データの損失を防ぐために、ファイルを Unicode 形式で保存してください。
  (ソース ファイル 'Source/ClothesScene4.cpp' をコンパイルしています)
  
C:\DxLib_VC\プロジェクトに追加すべきファイル_VC用\DxLib.h(3516,1): warning C4819: ファイルは、現在のコード ページ (932) で表示できない文字を含んでいます。データの損失を防ぐために、ファイルを Unicode 形式で保存してください。
  (ソース ファイル 'Source/ClothesScene4.cpp' をコンパイルしています)
  
C:\DxLib_VC\プロジェクトに追加すべきファイル_VC用\DxLib.h(3698,1): warning C4819: ファイルは、現在のコード ページ (932) で表示できない文字を含んでいます。データの損失を防ぐために、ファイルを Unicode 形式で保存してください。
  (ソース ファイル 'Source/ClothesScene4.cpp' をコンパイルしています)
  
C:\DxLib_VC\プロジェクトに追加すべきファイル_VC用\DxLib.h(3803,1): warning C4819: ファイルは、現在のコード ページ (932) で表示できない文字を含んでいます。データの損失を防ぐために、ファイルを Unicode 形式で保存してください。
  (ソース ファイル 'Source/ClothesScene4.cpp' をコンパイルしています)
  
C:\DxLib_VC\プロジェクトに追加すべきファイル_VC用\DxLib.h(3882,1): warning C4819: ファイルは、現在のコード ページ (932) で表示できない文字を含んでいます。データの損失を防ぐために、ファイルを Unicode 形式で保存してください。
  (ソース ファイル 'Source/ClothesScene4.cpp' をコンパイルしています)
  
C:\DxLib_VC\プロジェクトに追加すべきファイル_VC用\DxLib.h(3984,1): warning C4819: ファイルは、現在のコード ページ (932) で表示できない文字を含んでいます。データの損失を防ぐために、ファイルを Unicode 形式で保存してください。
  (ソース ファイル 'Source/ClothesScene4.cpp' をコンパイルしています)
  
C:\DxLib_VC\プロジェクトに追加すべきファイル_VC用\DxLib.h(4114,1): warning C4819: ファイルは、現在のコード ページ (932) で表示できない文字を含んでいます。データの損失を防ぐために、ファイルを Unicode 形式で保存してください。
  (ソース ファイル 'Source/ClothesScene4.cpp' をコンパイルしています)
  
C:\DxLib_VC\プロジェクトに追加すべきファイル_VC用\DxLib.h(4608,1): warning C4819: ファイルは、現在のコード ページ (932) で表示できない文字を含んでいます。データの損失を防ぐために、ファイルを Unicode 形式で保存してください。
  (ソース ファイル 'Source/ClothesScene4.cpp' をコンパイルしています)
  
C:\DxLib_VC\プロジェクトに追加すべきファイル_VC用\DxLib.h(4761,1): warning C4819: ファイルは、現在のコード ページ (932) で表示できない文字を含んでいます。データの損失を防ぐために、ファイルを Unicode 形式で保存してください。
  (ソース ファイル 'Source/ClothesScene4.cpp' をコンパイルしています)
  
C:\DxLib_VC\プロジェクトに追加すべきファイル_VC用\DxLib.h(4905,1): warning C4819: ファイルは、現在のコード ページ (932) で表示できない文字を含んでいます。データの損失を防ぐために、ファイルを Unicode 形式で保存してください。
  (ソース ファイル 'Source/ClothesScene4.cpp' をコンパイルしています)
  
C:\DxLib_VC\プロジェクトに追加すべきファイル_VC用\DxLib.h(5043,1): warning C4819: ファイルは、現在のコード ページ (932) で表示できない文字を含んでいます。データの損失を防ぐために、ファイルを Unicode 形式で保存してください。
  (ソース ファイル 'Source/ClothesScene4.cpp' をコンパイルしています)
  
C:\DxLib_VC\プロジェクトに追加すべきファイル_VC用\DxLib.h(5190,1): warning C4819: ファイルは、現在のコード ページ (932) で表示できない文字を含んでいます。データの損失を防ぐために、ファイルを Unicode 形式で保存してください。
  (ソース ファイル 'Source/ClothesScene4.cpp' をコンパイルしています)
  
C:\DxLib_VC\プロジェクトに追加すべきファイル_VC用\DxLib.h(5323,1): warning C4819: ファイルは、現在のコード ページ (932) で表示できない文字を含んでいます。データの損失を防ぐために、ファイルを Unicode 形式で保存してください。
  (ソース ファイル 'Source/ClothesScene4.cpp' をコンパイルしています)
  
C:\DxLib_VC\プロジェクトに追加すべきファイル_VC用\DxLib.h(5438,1): warning C4819: ファイルは、現在のコード ページ (932) で表示できない文字を含んでいます。データの損失を防ぐために、ファイルを Unicode 形式で保存してください。
  (ソース ファイル 'Source/ClothesScene4.cpp' をコンパイルしています)
  
C:\DxLib_VC\プロジェクトに追加すべきファイル_VC用\DxLib.h(5605,1): warning C4819: ファイルは、現在のコード ページ (932) で表示できない文字を含んでいます。データの損失を防ぐために、ファイルを Unicode 形式で保存してください。
  (ソース ファイル 'Source/ClothesScene4.cpp' をコンパイルしています)
  
C:\Program Files\Microsoft Visual Studio\2022\Community\VC\Tools\MSVC\14.44.35207\include\format(42): warning STL4038: The contents of <format> are available only with C++20 or later.
  CSVManager.cpp
C:\DxLib_VC\プロジェクトに追加すべきファイル_VC用\DxLib.h(1,1): warning C4819: ファイルは、現在のコード ページ (932) で表示できない文字を含んでいます。データの損失を防ぐために、ファイルを Unicode 形式で保存してください。
  (ソース ファイル 'Source/CSVManager.cpp' をコンパイルしています)
  
C:\DxLib_VC\プロジェクトに追加すべきファイル_VC用\DxLib.h(349,1): warning C4819: ファイルは、現在のコード ページ (932) で表示できない文字を含んでいます。データの損失を防ぐために、ファイルを Unicode 形式で保存してください。
  (ソース ファイル 'Source/CSVManager.cpp' をコンパイルしています)
  
C:\DxLib_VC\プロジェクトに追加すべきファイル_VC用\DxLib.h(708,1): warning C4819: ファイルは、現在のコード ページ (932) で表示できない文字を含んでいます。データの損失を防ぐために、ファイルを Unicode 形式で保存してください。
  (ソース ファイル 'Source/CSVManager.cpp' をコンパイルしています)
  
C:\DxLib_VC\プロジェクトに追加すべきファイル_VC用\DxLib.h(1106,1): warning C4819: ファイルは、現在のコード ページ (932) で表示できない文字を含んでいます。データの損失を防ぐために、ファイルを Unicode 形式で保存してください。
  (ソース ファイル 'Source/CSVManager.cpp' をコンパイルしています)
  
C:\DxLib_VC\プロジェクトに追加すべきファイル_VC用\DxLib.h(1610,1): warning C4819: ファイルは、現在のコード ページ (932) で表示できない文字を含んでいます。データの損失を防ぐために、ファイルを Unicode 形式で保存してください。
  (ソース ファイル 'Source/CSVManager.cpp' をコンパイルしています)
  
C:\DxLib_VC\プロジェクトに追加すべきファイル_VC用\DxLib.h(2014,1): warning C4819: ファイルは、現在のコード ページ (932) で表示できない文字を含んでいます。データの損失を防ぐために、ファイルを Unicode 形式で保存してください。
  (ソース ファイル 'Source/CSVManager.cpp' をコンパイルしています)
  
C:\DxLib_VC\プロジェクトに追加すべきファイル_VC用\DxLib.h(2241,1): warning C4819: ファイルは、現在のコード ページ (932) で表示できない文字を含んでいます。データの損失を防ぐために、ファイルを Unicode 形式で保存してください。
  (ソース ファイル 'Source/CSVManager.cpp' をコンパイルしています)
  
C:\DxLib_VC\プロジェクトに追加すべきファイル_VC用\DxLib.h(2384,1): warning C4819: ファイルは、現在のコード ページ (932) で表示できない文字を含んでいます。データの損失を防ぐために、ファイルを Unicode 形式で保存してください。
  (ソース ファイル 'Source/CSVManager.cpp' をコンパイルしています)
  
C:\DxLib_VC\プロジェクトに追加すべきファイル_VC用\DxLib.h(2557,1): warning C4819: ファイルは、現在のコード ページ (932) で表示できない文字を含んでいます。データの損失を防ぐために、ファイルを Unicode 形式で保存してください。
  (ソース ファイル 'Source/CSVManager.cpp' をコンパイルしています)
  
C:\DxLib_VC\プロジェクトに追加すべきファイル_VC用\DxLib.h(2702,1): warning C4819: ファイルは、現在のコード ページ (932) で表示できない文字を含んでいます。データの損失を防ぐために、ファイルを Unicode 形式で保存してください。
  (ソース ファイル 'Source/CSVManager.cpp' をコンパイルしています)
  
C:\DxLib_VC\プロジェクトに追加すべきファイル_VC用\DxLib.h(2788,1): warning C4819: ファイルは、現在のコード ページ (932) で表示できない文字を含んでいます。データの損失を防ぐために、ファイルを Unicode 形式で保存してください。
  (ソース ファイル 'Source/CSVManager.cpp' をコンパイルしています)
  
C:\DxLib_VC\プロジェクトに追加すべきファイル_VC用\DxLib.h(2891,1): warning C4819: ファイルは、現在のコード ページ (932) で表示できない文字を含んでいます。データの損失を防ぐために、ファイルを Unicode 形式で保存してください。
  (ソース ファイル 'Source/CSVManager.cpp' をコンパイルしています)
  
C:\DxLib_VC\プロジェクトに追加すべきファイル_VC用\DxLib.h(2991,1): warning C4819: ファイルは、現在のコード ページ (932) で表示できない文字を含んでいます。データの損失を防ぐために、ファイルを Unicode 形式で保存してください。
  (ソース ファイル 'Source/CSVManager.cpp' をコンパイルしています)
  
C:\DxLib_VC\プロジェクトに追加すべきファイル_VC用\DxLib.h(3120,1): warning C4819: ファイルは、現在のコード ページ (932) で表示できない文字を含んでいます。データの損失を防ぐために、ファイルを Unicode 形式で保存してください。
  (ソース ファイル 'Source/CSVManager.cpp' をコンパイルしています)
  
C:\DxLib_VC\プロジェクトに追加すべきファイル_VC用\DxLib.h(3264,1): warning C4819: ファイルは、現在のコード ページ (932) で表示できない文字を含んでいます。データの損失を防ぐために、ファイルを Unicode 形式で保存してください。
  (ソース ファイル 'Source/CSVManager.cpp' をコンパイルしています)
  
C:\DxLib_VC\プロジェクトに追加すべきファイル_VC用\DxLib.h(3382,1): warning C4819: ファイルは、現在のコード ページ (932) で表示できない文字を含んでいます。データの損失を防ぐために、ファイルを Unicode 形式で保存してください。
  (ソース ファイル 'Source/CSVManager.cpp' をコンパイルしています)
  
C:\DxLib_VC\プロジェクトに追加すべきファイル_VC用\DxLib.h(3516,1): warning C4819: ファイルは、現在のコード ページ (932) で表示できない文字を含んでいます。データの損失を防ぐために、ファイルを Unicode 形式で保存してください。
  (ソース ファイル 'Source/CSVManager.cpp' をコンパイルしています)
  
C:\DxLib_VC\プロジェクトに追加すべきファイル_VC用\DxLib.h(3698,1): warning C4819: ファイルは、現在のコード ページ (932) で表示できない文字を含んでいます。データの損失を防ぐために、ファイルを Unicode 形式で保存してください。
  (ソース ファイル 'Source/CSVManager.cpp' をコンパイルしています)
  
C:\DxLib_VC\プロジェクトに追加すべきファイル_VC用\DxLib.h(3803,1): warning C4819: ファイルは、現在のコード ページ (932) で表示できない文字を含んでいます。データの損失を防ぐために、ファイルを Unicode 形式で保存してください。
  (ソース ファイル 'Source/CSVManager.cpp' をコンパイルしています)
  
C:\DxLib_VC\プロジェクトに追加すべきファイル_VC用\DxLib.h(3882,1): warning C4819: ファイルは、現在のコード ページ (932) で表示できない文字を含んでいます。データの損失を防ぐために、ファイルを Unicode 形式で保存してください。
  (ソース ファイル 'Source/CSVManager.cpp' をコンパイルしています)
  
C:\DxLib_VC\プロジェクトに追加すべきファイル_VC用\DxLib.h(3984,1): warning C4819: ファイルは、現在のコード ページ (932) で表示できない文字を含んでいます。データの損失を防ぐために、ファイルを Unicode 形式で保存してください。
  (ソース ファイル 'Source/CSVManager.cpp' をコンパイルしています)
  
C:\DxLib_VC\プロジェクトに追加すべきファイル_VC用\DxLib.h(4114,1): warning C4819: ファイルは、現在のコード ページ (932) で表示できない文字を含んでいます。データの損失を防ぐために、ファイルを Unicode 形式で保存してください。
  (ソース ファイル 'Source/CSVManager.cpp' をコンパイルしています)
  
C:\DxLib_VC\プロジェクトに追加すべきファイル_VC用\DxLib.h(4608,1): warning C4819: ファイルは、現在のコード ページ (932) で表示できない文字を含んでいます。データの損失を防ぐために、ファイルを Unicode 形式で保存してください。
  (ソース ファイル 'Source/CSVManager.cpp' をコンパイルしています)
  
C:\DxLib_VC\プロジェクトに追加すべきファイル_VC用\DxLib.h(4761,1): warning C4819: ファイルは、現在のコード ページ (932) で表示できない文字を含んでいます。データの損失を防ぐために、ファイルを Unicode 形式で保存してください。
  (ソース ファイル 'Source/CSVManager.cpp' をコンパイルしています)
  
C:\DxLib_VC\プロジェクトに追加すべきファイル_VC用\DxLib.h(4905,1): warning C4819: ファイルは、現在のコード ページ (932) で表示できない文字を含んでいます。データの損失を防ぐために、ファイルを Unicode 形式で保存してください。
  (ソース ファイル 'Source/CSVManager.cpp' をコンパイルしています)
  
C:\DxLib_VC\プロジェクトに追加すべきファイル_VC用\DxLib.h(5043,1): warning C4819: ファイルは、現在のコード ページ (932) で表示できない文字を含んでいます。データの損失を防ぐために、ファイルを Unicode 形式で保存してください。
  (ソース ファイル 'Source/CSVManager.cpp' をコンパイルしています)
  
C:\DxLib_VC\プロジェクトに追加すべきファイル_VC用\DxLib.h(5190,1): warning C4819: ファイルは、現在のコード ページ (932) で表示できない文字を含んでいます。データの損失を防ぐために、ファイルを Unicode 形式で保存してください。
  (ソース ファイル 'Source/CSVManager.cpp' をコンパイルしています)
  
C:\DxLib_VC\プロジェクトに追加すべきファイル_VC用\DxLib.h(5323,1): warning C4819: ファイルは、現在のコード ページ (932) で表示できない文字を含んでいます。データの損失を防ぐために、ファイルを Unicode 形式で保存してください。
  (ソース ファイル 'Source/CSVManager.cpp' をコンパイルしています)
  
C:\DxLib_VC\プロジェクトに追加すべきファイル_VC用\DxLib.h(5438,1): warning C4819: ファイルは、現在のコード ページ (932) で表示できない文字を含んでいます。データの損失を防ぐために、ファイルを Unicode 形式で保存してください。
  (ソース ファイル 'Source/CSVManager.cpp' をコンパイルしています)
  
C:\DxLib_VC\プロジェクトに追加すべきファイル_VC用\DxLib.h(5605,1): warning C4819: ファイルは、現在のコード ページ (932) で表示できない文字を含んでいます。データの損失を防ぐために、ファイルを Unicode 形式で保存してください。
  (ソース ファイル 'Source/CSVManager.cpp' をコンパイルしています)
  
C:\Program Files\Microsoft Visual Studio\2022\Community\VC\Tools\MSVC\14.44.35207\include\format(42): warning STL4038: The contents of <format> are available only with C++20 or later.
  EquipmentDrawer.cpp
C:\DxLib_VC\プロジェクトに追加すべきファイル_VC用\DxLib.h(1,1): warning C4819: ファイルは、現在のコード ページ (932) で表示できない文字を含んでいます。データの損失を防ぐために、ファイルを Unicode 形式で保存してください。
  (ソース ファイル 'Source/EquipmentDrawer.cpp' をコンパイルしています)
  
C:\DxLib_VC\プロジェクトに追加すべきファイル_VC用\DxLib.h(349,1): warning C4819: ファイルは、現在のコード ページ (932) で表示できない文字を含んでいます。データの損失を防ぐために、ファイルを Unicode 形式で保存してください。
  (ソース ファイル 'Source/EquipmentDrawer.cpp' をコンパイルしています)
  
C:\DxLib_VC\プロジェクトに追加すべきファイル_VC用\DxLib.h(708,1): warning C4819: ファイルは、現在のコード ページ (932) で表示できない文字を含んでいます。データの損失を防ぐために、ファイルを Unicode 形式で保存してください。
  (ソース ファイル 'Source/EquipmentDrawer.cpp' をコンパイルしています)
  
C:\DxLib_VC\プロジェクトに追加すべきファイル_VC用\DxLib.h(1106,1): warning C4819: ファイルは、現在のコード ページ (932) で表示できない文字を含んでいます。データの損失を防ぐために、ファイルを Unicode 形式で保存してください。
  (ソース ファイル 'Source/EquipmentDrawer.cpp' をコンパイルしています)
  
C:\DxLib_VC\プロジェクトに追加すべきファイル_VC用\DxLib.h(1610,1): warning C4819: ファイルは、現在のコード ページ (932) で表示できない文字を含んでいます。データの損失を防ぐために、ファイルを Unicode 形式で保存してください。
  (ソース ファイル 'Source/EquipmentDrawer.cpp' をコンパイルしています)
  
C:\DxLib_VC\プロジェクトに追加すべきファイル_VC用\DxLib.h(2014,1): warning C4819: ファイルは、現在のコード ページ (932) で表示できない文字を含んでいます。データの損失を防ぐために、ファイルを Unicode 形式で保存してください。
  (ソース ファイル 'Source/EquipmentDrawer.cpp' をコンパイルしています)
  
C:\DxLib_VC\プロジェクトに追加すべきファイル_VC用\DxLib.h(2241,1): warning C4819: ファイルは、現在のコード ページ (932) で表示できない文字を含んでいます。データの損失を防ぐために、ファイルを Unicode 形式で保存してください。
  (ソース ファイル 'Source/EquipmentDrawer.cpp' をコンパイルしています)
  
C:\DxLib_VC\プロジェクトに追加すべきファイル_VC用\DxLib.h(2384,1): warning C4819: ファイルは、現在のコード ページ (932) で表示できない文字を含んでいます。データの損失を防ぐために、ファイルを Unicode 形式で保存してください。
  (ソース ファイル 'Source/EquipmentDrawer.cpp' をコンパイルしています)
  
C:\DxLib_VC\プロジェクトに追加すべきファイル_VC用\DxLib.h(2557,1): warning C4819: ファイルは、現在のコード ページ (932) で表示できない文字を含んでいます。データの損失を防ぐために、ファイルを Unicode 形式で保存してください。
  (ソース ファイル 'Source/EquipmentDrawer.cpp' をコンパイルしています)
  
C:\DxLib_VC\プロジェクトに追加すべきファイル_VC用\DxLib.h(2702,1): warning C4819: ファイルは、現在のコード ページ (932) で表示できない文字を含んでいます。データの損失を防ぐために、ファイルを Unicode 形式で保存してください。
  (ソース ファイル 'Source/EquipmentDrawer.cpp' をコンパイルしています)
  
C:\DxLib_VC\プロジェクトに追加すべきファイル_VC用\DxLib.h(2788,1): warning C4819: ファイルは、現在のコード ページ (932) で表示できない文字を含んでいます。データの損失を防ぐために、ファイルを Unicode 形式で保存してください。
  (ソース ファイル 'Source/EquipmentDrawer.cpp' をコンパイルしています)
  
C:\DxLib_VC\プロジェクトに追加すべきファイル_VC用\DxLib.h(2891,1): warning C4819: ファイルは、現在のコード ページ (932) で表示できない文字を含んでいます。データの損失を防ぐために、ファイルを Unicode 形式で保存してください。
  (ソース ファイル 'Source/EquipmentDrawer.cpp' をコンパイルしています)
  
C:\DxLib_VC\プロジェクトに追加すべきファイル_VC用\DxLib.h(2991,1): warning C4819: ファイルは、現在のコード ページ (932) で表示できない文字を含んでいます。データの損失を防ぐために、ファイルを Unicode 形式で保存してください。
  (ソース ファイル 'Source/EquipmentDrawer.cpp' をコンパイルしています)
  
C:\DxLib_VC\プロジェクトに追加すべきファイル_VC用\DxLib.h(3120,1): warning C4819: ファイルは、現在のコード ページ (932) で表示できない文字を含んでいます。データの損失を防ぐために、ファイルを Unicode 形式で保存してください。
  (ソース ファイル 'Source/EquipmentDrawer.cpp' をコンパイルしています)
  
C:\DxLib_VC\プロジェクトに追加すべきファイル_VC用\DxLib.h(3264,1): warning C4819: ファイルは、現在のコード ページ (932) で表示できない文字を含んでいます。データの損失を防ぐために、ファイルを Unicode 形式で保存してください。
  (ソース ファイル 'Source/EquipmentDrawer.cpp' をコンパイルしています)
  
C:\DxLib_VC\プロジェクトに追加すべきファイル_VC用\DxLib.h(3382,1): warning C4819: ファイルは、現在のコード ページ (932) で表示できない文字を含んでいます。データの損失を防ぐために、ファイルを Unicode 形式で保存してください。
  (ソース ファイル 'Source/EquipmentDrawer.cpp' をコンパイルしています)
  
C:\DxLib_VC\プロジェクトに追加すべきファイル_VC用\DxLib.h(3516,1): warning C4819: ファイルは、現在のコード ページ (932) で表示できない文字を含んでいます。データの損失を防ぐために、ファイルを Unicode 形式で保存してください。
  (ソース ファイル 'Source/EquipmentDrawer.cpp' をコンパイルしています)
  
C:\DxLib_VC\プロジェクトに追加すべきファイル_VC用\DxLib.h(3698,1): warning C4819: ファイルは、現在のコード ページ (932) で表示できない文字を含んでいます。データの損失を防ぐために、ファイルを Unicode 形式で保存してください。
  (ソース ファイル 'Source/EquipmentDrawer.cpp' をコンパイルしています)
  
C:\DxLib_VC\プロジェクトに追加すべきファイル_VC用\DxLib.h(3803,1): warning C4819: ファイルは、現在のコード ページ (932) で表示できない文字を含んでいます。データの損失を防ぐために、ファイルを Unicode 形式で保存してください。
  (ソース ファイル 'Source/EquipmentDrawer.cpp' をコンパイルしています)
  
C:\DxLib_VC\プロジェクトに追加すべきファイル_VC用\DxLib.h(3882,1): warning C4819: ファイルは、現在のコード ページ (932) で表示できない文字を含んでいます。データの損失を防ぐために、ファイルを Unicode 形式で保存してください。
  (ソース ファイル 'Source/EquipmentDrawer.cpp' をコンパイルしています)
  
C:\DxLib_VC\プロジェクトに追加すべきファイル_VC用\DxLib.h(3984,1): warning C4819: ファイルは、現在のコード ページ (932) で表示できない文字を含んでいます。データの損失を防ぐために、ファイルを Unicode 形式で保存してください。
  (ソース ファイル 'Source/EquipmentDrawer.cpp' をコンパイルしています)
  
C:\DxLib_VC\プロジェクトに追加すべきファイル_VC用\DxLib.h(4114,1): warning C4819: ファイルは、現在のコード ページ (932) で表示できない文字を含んでいます。データの損失を防ぐために、ファイルを Unicode 形式で保存してください。
  (ソース ファイル 'Source/EquipmentDrawer.cpp' をコンパイルしています)
  
C:\DxLib_VC\プロジェクトに追加すべきファイル_VC用\DxLib.h(4608,1): warning C4819: ファイルは、現在のコード ページ (932) で表示できない文字を含んでいます。データの損失を防ぐために、ファイルを Unicode 形式で保存してください。
  (ソース ファイル 'Source/EquipmentDrawer.cpp' をコンパイルしています)
  
C:\DxLib_VC\プロジェクトに追加すべきファイル_VC用\DxLib.h(4761,1): warning C4819: ファイルは、現在のコード ページ (932) で表示できない文字を含んでいます。データの損失を防ぐために、ファイルを Unicode 形式で保存してください。
  (ソース ファイル 'Source/EquipmentDrawer.cpp' をコンパイルしています)
  
C:\DxLib_VC\プロジェクトに追加すべきファイル_VC用\DxLib.h(4905,1): warning C4819: ファイルは、現在のコード ページ (932) で表示できない文字を含んでいます。データの損失を防ぐために、ファイルを Unicode 形式で保存してください。
  (ソース ファイル 'Source/EquipmentDrawer.cpp' をコンパイルしています)
  
C:\DxLib_VC\プロジェクトに追加すべきファイル_VC用\DxLib.h(5043,1): warning C4819: ファイルは、現在のコード ページ (932) で表示できない文字を含んでいます。データの損失を防ぐために、ファイルを Unicode 形式で保存してください。
  (ソース ファイル 'Source/EquipmentDrawer.cpp' をコンパイルしています)
  
C:\DxLib_VC\プロジェクトに追加すべきファイル_VC用\DxLib.h(5190,1): warning C4819: ファイルは、現在のコード ページ (932) で表示できない文字を含んでいます。データの損失を防ぐために、ファイルを Unicode 形式で保存してください。
  (ソース ファイル 'Source/EquipmentDrawer.cpp' をコンパイルしています)
  
C:\DxLib_VC\プロジェクトに追加すべきファイル_VC用\DxLib.h(5323,1): warning C4819: ファイルは、現在のコード ページ (932) で表示できない文字を含んでいます。データの損失を防ぐために、ファイルを Unicode 形式で保存してください。
  (ソース ファイル 'Source/EquipmentDrawer.cpp' をコンパイルしています)
  
C:\DxLib_VC\プロジェクトに追加すべきファイル_VC用\DxLib.h(5438,1): warning C4819: ファイルは、現在のコード ページ (932) で表示できない文字を含んでいます。データの損失を防ぐために、ファイルを Unicode 形式で保存してください。
  (ソース ファイル 'Source/EquipmentDrawer.cpp' をコンパイルしています)
  
C:\DxLib_VC\プロジェクトに追加すべきファイル_VC用\DxLib.h(5605,1): warning C4819: ファイルは、現在のコード ページ (932) で表示できない文字を含んでいます。データの損失を防ぐために、ファイルを Unicode 形式で保存してください。
  (ソース ファイル 'Source/EquipmentDrawer.cpp' をコンパイルしています)
  
  EquipmentsCSVManager.cpp
C:\DxLib_VC\プロジェクトに追加すべきファイル_VC用\DxLib.h(1,1): warning C4819: ファイルは、現在のコード ページ (932) で表示できない文字を含んでいます。データの損失を防ぐために、ファイルを Unicode 形式で保存してください。
  (ソース ファイル 'Source/EquipmentsCSVManager.cpp' をコンパイルしています)
  
C:\DxLib_VC\プロジェクトに追加すべきファイル_VC用\DxLib.h(349,1): warning C4819: ファイルは、現在のコード ページ (932) で表示できない文字を含んでいます。データの損失を防ぐために、ファイルを Unicode 形式で保存してください。
  (ソース ファイル 'Source/EquipmentsCSVManager.cpp' をコンパイルしています)
  
C:\DxLib_VC\プロジェクトに追加すべきファイル_VC用\DxLib.h(708,1): warning C4819: ファイルは、現在のコード ページ (932) で表示できない文字を含んでいます。データの損失を防ぐために、ファイルを Unicode 形式で保存してください。
  (ソース ファイル 'Source/EquipmentsCSVManager.cpp' をコンパイルしています)
  
C:\DxLib_VC\プロジェクトに追加すべきファイル_VC用\DxLib.h(1106,1): warning C4819: ファイルは、現在のコード ページ (932) で表示できない文字を含んでいます。データの損失を防ぐために、ファイルを Unicode 形式で保存してください。
  (ソース ファイル 'Source/EquipmentsCSVManager.cpp' をコンパイルしています)
  
C:\DxLib_VC\プロジェクトに追加すべきファイル_VC用\DxLib.h(1610,1): warning C4819: ファイルは、現在のコード ページ (932) で表示できない文字を含んでいます。データの損失を防ぐために、ファイルを Unicode 形式で保存してください。
  (ソース ファイル 'Source/EquipmentsCSVManager.cpp' をコンパイルしています)
  
C:\DxLib_VC\プロジェクトに追加すべきファイル_VC用\DxLib.h(2014,1): warning C4819: ファイルは、現在のコード ページ (932) で表示できない文字を含んでいます。データの損失を防ぐために、ファイルを Unicode 形式で保存してください。
  (ソース ファイル 'Source/EquipmentsCSVManager.cpp' をコンパイルしています)
  
C:\DxLib_VC\プロジェクトに追加すべきファイル_VC用\DxLib.h(2241,1): warning C4819: ファイルは、現在のコード ページ (932) で表示できない文字を含んでいます。データの損失を防ぐために、ファイルを Unicode 形式で保存してください。
  (ソース ファイル 'Source/EquipmentsCSVManager.cpp' をコンパイルしています)
  
C:\DxLib_VC\プロジェクトに追加すべきファイル_VC用\DxLib.h(2384,1): warning C4819: ファイルは、現在のコード ページ (932) で表示できない文字を含んでいます。データの損失を防ぐために、ファイルを Unicode 形式で保存してください。
  (ソース ファイル 'Source/EquipmentsCSVManager.cpp' をコンパイルしています)
  
C:\DxLib_VC\プロジェクトに追加すべきファイル_VC用\DxLib.h(2557,1): warning C4819: ファイルは、現在のコード ページ (932) で表示できない文字を含んでいます。データの損失を防ぐために、ファイルを Unicode 形式で保存してください。
  (ソース ファイル 'Source/EquipmentsCSVManager.cpp' をコンパイルしています)
  
C:\DxLib_VC\プロジェクトに追加すべきファイル_VC用\DxLib.h(2702,1): warning C4819: ファイルは、現在のコード ページ (932) で表示できない文字を含んでいます。データの損失を防ぐために、ファイルを Unicode 形式で保存してください。
  (ソース ファイル 'Source/EquipmentsCSVManager.cpp' をコンパイルしています)
  
C:\DxLib_VC\プロジェクトに追加すべきファイル_VC用\DxLib.h(2788,1): warning C4819: ファイルは、現在のコード ページ (932) で表示できない文字を含んでいます。データの損失を防ぐために、ファイルを Unicode 形式で保存してください。
  (ソース ファイル 'Source/EquipmentsCSVManager.cpp' をコンパイルしています)
  
C:\DxLib_VC\プロジェクトに追加すべきファイル_VC用\DxLib.h(2891,1): warning C4819: ファイルは、現在のコード ページ (932) で表示できない文字を含んでいます。データの損失を防ぐために、ファイルを Unicode 形式で保存してください。
  (ソース ファイル 'Source/EquipmentsCSVManager.cpp' をコンパイルしています)
  
C:\DxLib_VC\プロジェクトに追加すべきファイル_VC用\DxLib.h(2991,1): warning C4819: ファイルは、現在のコード ページ (932) で表示できない文字を含んでいます。データの損失を防ぐために、ファイルを Unicode 形式で保存してください。
  (ソース ファイル 'Source/EquipmentsCSVManager.cpp' をコンパイルしています)
  
C:\DxLib_VC\プロジェクトに追加すべきファイル_VC用\DxLib.h(3120,1): warning C4819: ファイルは、現在のコード ページ (932) で表示できない文字を含んでいます。データの損失を防ぐために、ファイルを Unicode 形式で保存してください。
  (ソース ファイル 'Source/EquipmentsCSVManager.cpp' をコンパイルしています)
  
C:\DxLib_VC\プロジェクトに追加すべきファイル_VC用\DxLib.h(3264,1): warning C4819: ファイルは、現在のコード ページ (932) で表示できない文字を含んでいます。データの損失を防ぐために、ファイルを Unicode 形式で保存してください。
  (ソース ファイル 'Source/EquipmentsCSVManager.cpp' をコンパイルしています)
  
C:\DxLib_VC\プロジェクトに追加すべきファイル_VC用\DxLib.h(3382,1): warning C4819: ファイルは、現在のコード ページ (932) で表示できない文字を含んでいます。データの損失を防ぐために、ファイルを Unicode 形式で保存してください。
  (ソース ファイル 'Source/EquipmentsCSVManager.cpp' をコンパイルしています)
  
C:\DxLib_VC\プロジェクトに追加すべきファイル_VC用\DxLib.h(3516,1): warning C4819: ファイルは、現在のコード ページ (932) で表示できない文字を含んでいます。データの損失を防ぐために、ファイルを Unicode 形式で保存してください。
  (ソース ファイル 'Source/EquipmentsCSVManager.cpp' をコンパイルしています)
  
C:\DxLib_VC\プロジェクトに追加すべきファイル_VC用\DxLib.h(3698,1): warning C4819: ファイルは、現在のコード ページ (932) で表示できない文字を含んでいます。データの損失を防ぐために、ファイルを Unicode 形式で保存してください。
  (ソース ファイル 'Source/EquipmentsCSVManager.cpp' をコンパイルしています)
  
C:\DxLib_VC\プロジェクトに追加すべきファイル_VC用\DxLib.h(3803,1): warning C4819: ファイルは、現在のコード ページ (932) で表示できない文字を含んでいます。データの損失を防ぐために、ファイルを Unicode 形式で保存してください。
  (ソース ファイル 'Source/EquipmentsCSVManager.cpp' をコンパイルしています)
  
C:\DxLib_VC\プロジェクトに追加すべきファイル_VC用\DxLib.h(3882,1): warning C4819: ファイルは、現在のコード ページ (932) で表示できない文字を含んでいます。データの損失を防ぐために、ファイルを Unicode 形式で保存してください。
  (ソース ファイル 'Source/EquipmentsCSVManager.cpp' をコンパイルしています)
  
C:\DxLib_VC\プロジェクトに追加すべきファイル_VC用\DxLib.h(3984,1): warning C4819: ファイルは、現在のコード ページ (932) で表示できない文字を含んでいます。データの損失を防ぐために、ファイルを Unicode 形式で保存してください。
  (ソース ファイル 'Source/EquipmentsCSVManager.cpp' をコンパイルしています)
  
C:\DxLib_VC\プロジェクトに追加すべきファイル_VC用\DxLib.h(4114,1): warning C4819: ファイルは、現在のコード ページ (932) で表示できない文字を含んでいます。データの損失を防ぐために、ファイルを Unicode 形式で保存してください。
  (ソース ファイル 'Source/EquipmentsCSVManager.cpp' をコンパイルしています)
  
C:\DxLib_VC\プロジェクトに追加すべきファイル_VC用\DxLib.h(4608,1): warning C4819: ファイルは、現在のコード ページ (932) で表示できない文字を含んでいます。データの損失を防ぐために、ファイルを Unicode 形式で保存してください。
  (ソース ファイル 'Source/EquipmentsCSVManager.cpp' をコンパイルしています)
  
C:\DxLib_VC\プロジェクトに追加すべきファイル_VC用\DxLib.h(4761,1): warning C4819: ファイルは、現在のコード ページ (932) で表示できない文字を含んでいます。データの損失を防ぐために、ファイルを Unicode 形式で保存してください。
  (ソース ファイル 'Source/EquipmentsCSVManager.cpp' をコンパイルしています)
  
C:\DxLib_VC\プロジェクトに追加すべきファイル_VC用\DxLib.h(4905,1): warning C4819: ファイルは、現在のコード ページ (932) で表示できない文字を含んでいます。データの損失を防ぐために、ファイルを Unicode 形式で保存してください。
  (ソース ファイル 'Source/EquipmentsCSVManager.cpp' をコンパイルしています)
  
C:\DxLib_VC\プロジェクトに追加すべきファイル_VC用\DxLib.h(5043,1): warning C4819: ファイルは、現在のコード ページ (932) で表示できない文字を含んでいます。データの損失を防ぐために、ファイルを Unicode 形式で保存してください。
  (ソース ファイル 'Source/EquipmentsCSVManager.cpp' をコンパイルしています)
  
C:\DxLib_VC\プロジェクトに追加すべきファイル_VC用\DxLib.h(5190,1): warning C4819: ファイルは、現在のコード ページ (932) で表示できない文字を含んでいます。データの損失を防ぐために、ファイルを Unicode 形式で保存してください。
  (ソース ファイル 'Source/EquipmentsCSVManager.cpp' をコンパイルしています)
  
C:\DxLib_VC\プロジェクトに追加すべきファイル_VC用\DxLib.h(5323,1): warning C4819: ファイルは、現在のコード ページ (932) で表示できない文字を含んでいます。データの損失を防ぐために、ファイルを Unicode 形式で保存してください。
  (ソース ファイル 'Source/EquipmentsCSVManager.cpp' をコンパイルしています)
  
C:\DxLib_VC\プロジェクトに追加すべきファイル_VC用\DxLib.h(5438,1): warning C4819: ファイルは、現在のコード ページ (932) で表示できない文字を含んでいます。データの損失を防ぐために、ファイルを Unicode 形式で保存してください。
  (ソース ファイル 'Source/EquipmentsCSVManager.cpp' をコンパイルしています)
  
C:\DxLib_VC\プロジェクトに追加すべきファイル_VC用\DxLib.h(5605,1): warning C4819: ファイルは、現在のコード ページ (932) で表示できない文字を含んでいます。データの損失を防ぐために、ファイルを Unicode 形式で保存してください。
  (ソース ファイル 'Source/EquipmentsCSVManager.cpp' をコンパイルしています)
  
  ImageManager.cpp
C:\DxLib_VC\プロジェクトに追加すべきファイル_VC用\DxLib.h(1,1): warning C4819: ファイルは、現在のコード ページ (932) で表示できない文字を含んでいます。データの損失を防ぐために、ファイルを Unicode 形式で保存してください。
  (ソース ファイル 'Source/ImageManager.cpp' をコンパイルしています)
  
C:\DxLib_VC\プロジェクトに追加すべきファイル_VC用\DxLib.h(349,1): warning C4819: ファイルは、現在のコード ページ (932) で表示できない文字を含んでいます。データの損失を防ぐために、ファイルを Unicode 形式で保存してください。
  (ソース ファイル 'Source/ImageManager.cpp' をコンパイルしています)
  
C:\DxLib_VC\プロジェクトに追加すべきファイル_VC用\DxLib.h(708,1): warning C4819: ファイルは、現在のコード ページ (932) で表示できない文字を含んでいます。データの損失を防ぐために、ファイルを Unicode 形式で保存してください。
  (ソース ファイル 'Source/ImageManager.cpp' をコンパイルしています)
  
C:\DxLib_VC\プロジェクトに追加すべきファイル_VC用\DxLib.h(1106,1): warning C4819: ファイルは、現在のコード ページ (932) で表示できない文字を含んでいます。データの損失を防ぐために、ファイルを Unicode 形式で保存してください。
  (ソース ファイル 'Source/ImageManager.cpp' をコンパイルしています)
  
C:\DxLib_VC\プロジェクトに追加すべきファイル_VC用\DxLib.h(1610,1): warning C4819: ファイルは、現在のコード ページ (932) で表示できない文字を含んでいます。データの損失を防ぐために、ファイルを Unicode 形式で保存してください。
  (ソース ファイル 'Source/ImageManager.cpp' をコンパイルしています)
  
C:\DxLib_VC\プロジェクトに追加すべきファイル_VC用\DxLib.h(2014,1): warning C4819: ファイルは、現在のコード ページ (932) で表示できない文字を含んでいます。データの損失を防ぐために、ファイルを Unicode 形式で保存してください。
  (ソース ファイル 'Source/ImageManager.cpp' をコンパイルしています)
  
C:\DxLib_VC\プロジェクトに追加すべきファイル_VC用\DxLib.h(2241,1): warning C4819: ファイルは、現在のコード ページ (932) で表示できない文字を含んでいます。データの損失を防ぐために、ファイルを Unicode 形式で保存してください。
  (ソース ファイル 'Source/ImageManager.cpp' をコンパイルしています)
  
C:\DxLib_VC\プロジェクトに追加すべきファイル_VC用\DxLib.h(2384,1): warning C4819: ファイルは、現在のコード ページ (932) で表示できない文字を含んでいます。データの損失を防ぐために、ファイルを Unicode 形式で保存してください。
  (ソース ファイル 'Source/ImageManager.cpp' をコンパイルしています)
  
C:\DxLib_VC\プロジェクトに追加すべきファイル_VC用\DxLib.h(2557,1): warning C4819: ファイルは、現在のコード ページ (932) で表示できない文字を含んでいます。データの損失を防ぐために、ファイルを Unicode 形式で保存してください。
  (ソース ファイル 'Source/ImageManager.cpp' をコンパイルしています)
  
C:\DxLib_VC\プロジェクトに追加すべきファイル_VC用\DxLib.h(2702,1): warning C4819: ファイルは、現在のコード ページ (932) で表示できない文字を含んでいます。データの損失を防ぐために、ファイルを Unicode 形式で保存してください。
  (ソース ファイル 'Source/ImageManager.cpp' をコンパイルしています)
  
C:\DxLib_VC\プロジェクトに追加すべきファイル_VC用\DxLib.h(2788,1): warning C4819: ファイルは、現在のコード ページ (932) で表示できない文字を含んでいます。データの損失を防ぐために、ファイルを Unicode 形式で保存してください。
  (ソース ファイル 'Source/ImageManager.cpp' をコンパイルしています)
  
C:\DxLib_VC\プロジェクトに追加すべきファイル_VC用\DxLib.h(2891,1): warning C4819: ファイルは、現在のコード ページ (932) で表示できない文字を含んでいます。データの損失を防ぐために、ファイルを Unicode 形式で保存してください。
  (ソース ファイル 'Source/ImageManager.cpp' をコンパイルしています)
  
C:\DxLib_VC\プロジェクトに追加すべきファイル_VC用\DxLib.h(2991,1): warning C4819: ファイルは、現在のコード ページ (932) で表示できない文字を含んでいます。データの損失を防ぐために、ファイルを Unicode 形式で保存してください。
  (ソース ファイル 'Source/ImageManager.cpp' をコンパイルしています)
  
C:\DxLib_VC\プロジェクトに追加すべきファイル_VC用\DxLib.h(3120,1): warning C4819: ファイルは、現在のコード ページ (932) で表示できない文字を含んでいます。データの損失を防ぐために、ファイルを Unicode 形式で保存してください。
  (ソース ファイル 'Source/ImageManager.cpp' をコンパイルしています)
  
C:\DxLib_VC\プロジェクトに追加すべきファイル_VC用\DxLib.h(3264,1): warning C4819: ファイルは、現在のコード ページ (932) で表示できない文字を含んでいます。データの損失を防ぐために、ファイルを Unicode 形式で保存してください。
  (ソース ファイル 'Source/ImageManager.cpp' をコンパイルしています)
  
C:\DxLib_VC\プロジェクトに追加すべきファイル_VC用\DxLib.h(3382,1): warning C4819: ファイルは、現在のコード ページ (932) で表示できない文字を含んでいます。データの損失を防ぐために、ファイルを Unicode 形式で保存してください。
  (ソース ファイル 'Source/ImageManager.cpp' をコンパイルしています)
  
C:\DxLib_VC\プロジェクトに追加すべきファイル_VC用\DxLib.h(3516,1): warning C4819: ファイルは、現在のコード ページ (932) で表示できない文字を含んでいます。データの損失を防ぐために、ファイルを Unicode 形式で保存してください。
  (ソース ファイル 'Source/ImageManager.cpp' をコンパイルしています)
  
C:\DxLib_VC\プロジェクトに追加すべきファイル_VC用\DxLib.h(3698,1): warning C4819: ファイルは、現在のコード ページ (932) で表示できない文字を含んでいます。データの損失を防ぐために、ファイルを Unicode 形式で保存してください。
  (ソース ファイル 'Source/ImageManager.cpp' をコンパイルしています)
  
C:\DxLib_VC\プロジェクトに追加すべきファイル_VC用\DxLib.h(3803,1): warning C4819: ファイルは、現在のコード ページ (932) で表示できない文字を含んでいます。データの損失を防ぐために、ファイルを Unicode 形式で保存してください。
  (ソース ファイル 'Source/ImageManager.cpp' をコンパイルしています)
  
C:\DxLib_VC\プロジェクトに追加すべきファイル_VC用\DxLib.h(3882,1): warning C4819: ファイルは、現在のコード ページ (932) で表示できない文字を含んでいます。データの損失を防ぐために、ファイルを Unicode 形式で保存してください。
  (ソース ファイル 'Source/ImageManager.cpp' をコンパイルしています)
  
C:\DxLib_VC\プロジェクトに追加すべきファイル_VC用\DxLib.h(3984,1): warning C4819: ファイルは、現在のコード ページ (932) で表示できない文字を含んでいます。データの損失を防ぐために、ファイルを Unicode 形式で保存してください。
  (ソース ファイル 'Source/ImageManager.cpp' をコンパイルしています)
  
C:\DxLib_VC\プロジェクトに追加すべきファイル_VC用\DxLib.h(4114,1): warning C4819: ファイルは、現在のコード ページ (932) で表示できない文字を含んでいます。データの損失を防ぐために、ファイルを Unicode 形式で保存してください。
  (ソース ファイル 'Source/ImageManager.cpp' をコンパイルしています)
  
C:\DxLib_VC\プロジェクトに追加すべきファイル_VC用\DxLib.h(4608,1): warning C4819: ファイルは、現在のコード ページ (932) で表示できない文字を含んでいます。データの損失を防ぐために、ファイルを Unicode 形式で保存してください。
  (ソース ファイル 'Source/ImageManager.cpp' をコンパイルしています)
  
C:\DxLib_VC\プロジェクトに追加すべきファイル_VC用\DxLib.h(4761,1): warning C4819: ファイルは、現在のコード ページ (932) で表示できない文字を含んでいます。データの損失を防ぐために、ファイルを Unicode 形式で保存してください。
  (ソース ファイル 'Source/ImageManager.cpp' をコンパイルしています)
  
C:\DxLib_VC\プロジェクトに追加すべきファイル_VC用\DxLib.h(4905,1): warning C4819: ファイルは、現在のコード ページ (932) で表示できない文字を含んでいます。データの損失を防ぐために、ファイルを Unicode 形式で保存してください。
  (ソース ファイル 'Source/ImageManager.cpp' をコンパイルしています)
  
C:\DxLib_VC\プロジェクトに追加すべきファイル_VC用\DxLib.h(5043,1): warning C4819: ファイルは、現在のコード ページ (932) で表示できない文字を含んでいます。データの損失を防ぐために、ファイルを Unicode 形式で保存してください。
  (ソース ファイル 'Source/ImageManager.cpp' をコンパイルしています)
  
C:\DxLib_VC\プロジェクトに追加すべきファイル_VC用\DxLib.h(5190,1): warning C4819: ファイルは、現在のコード ページ (932) で表示できない文字を含んでいます。データの損失を防ぐために、ファイルを Unicode 形式で保存してください。
  (ソース ファイル 'Source/ImageManager.cpp' をコンパイルしています)
  
C:\DxLib_VC\プロジェクトに追加すべきファイル_VC用\DxLib.h(5323,1): warning C4819: ファイルは、現在のコード ページ (932) で表示できない文字を含んでいます。データの損失を防ぐために、ファイルを Unicode 形式で保存してください。
  (ソース ファイル 'Source/ImageManager.cpp' をコンパイルしています)
  
C:\DxLib_VC\プロジェクトに追加すべきファイル_VC用\DxLib.h(5438,1): warning C4819: ファイルは、現在のコード ページ (932) で表示できない文字を含んでいます。データの損失を防ぐために、ファイルを Unicode 形式で保存してください。
  (ソース ファイル 'Source/ImageManager.cpp' をコンパイルしています)
  
C:\DxLib_VC\プロジェクトに追加すべきファイル_VC用\DxLib.h(5605,1): warning C4819: ファイルは、現在のコード ページ (932) で表示できない文字を含んでいます。データの損失を防ぐために、ファイルを Unicode 形式で保存してください。
  (ソース ファイル 'Source/ImageManager.cpp' をコンパイルしています)
  
  Light.cpp
C:\DxLib_VC\プロジェクトに追加すべきファイル_VC用\DxLib.h(1,1): warning C4819: ファイルは、現在のコード ページ (932) で表示できない文字を含んでいます。データの損失を防ぐために、ファイルを Unicode 形式で保存してください。
  (ソース ファイル 'Source/Light.cpp' をコンパイルしています)
  
C:\DxLib_VC\プロジェクトに追加すべきファイル_VC用\DxLib.h(349,1): warning C4819: ファイルは、現在のコード ページ (932) で表示できない文字を含んでいます。データの損失を防ぐために、ファイルを Unicode 形式で保存してください。
  (ソース ファイル 'Source/Light.cpp' をコンパイルしています)
  
C:\DxLib_VC\プロジェクトに追加すべきファイル_VC用\DxLib.h(708,1): warning C4819: ファイルは、現在のコード ページ (932) で表示できない文字を含んでいます。データの損失を防ぐために、ファイルを Unicode 形式で保存してください。
  (ソース ファイル 'Source/Light.cpp' をコンパイルしています)
  
C:\DxLib_VC\プロジェクトに追加すべきファイル_VC用\DxLib.h(1106,1): warning C4819: ファイルは、現在のコード ページ (932) で表示できない文字を含んでいます。データの損失を防ぐために、ファイルを Unicode 形式で保存してください。
  (ソース ファイル 'Source/Light.cpp' をコンパイルしています)
  
C:\DxLib_VC\プロジェクトに追加すべきファイル_VC用\DxLib.h(1610,1): warning C4819: ファイルは、現在のコード ページ (932) で表示できない文字を含んでいます。データの損失を防ぐために、ファイルを Unicode 形式で保存してください。
  (ソース ファイル 'Source/Light.cpp' をコンパイルしています)
  
C:\DxLib_VC\プロジェクトに追加すべきファイル_VC用\DxLib.h(2014,1): warning C4819: ファイルは、現在のコード ページ (932) で表示できない文字を含んでいます。データの損失を防ぐために、ファイルを Unicode 形式で保存してください。
  (ソース ファイル 'Source/Light.cpp' をコンパイルしています)
  
C:\DxLib_VC\プロジェクトに追加すべきファイル_VC用\DxLib.h(2241,1): warning C4819: ファイルは、現在のコード ページ (932) で表示できない文字を含んでいます。データの損失を防ぐために、ファイルを Unicode 形式で保存してください。
  (ソース ファイル 'Source/Light.cpp' をコンパイルしています)
  
C:\DxLib_VC\プロジェクトに追加すべきファイル_VC用\DxLib.h(2384,1): warning C4819: ファイルは、現在のコード ページ (932) で表示できない文字を含んでいます。データの損失を防ぐために、ファイルを Unicode 形式で保存してください。
  (ソース ファイル 'Source/Light.cpp' をコンパイルしています)
  
C:\DxLib_VC\プロジェクトに追加すべきファイル_VC用\DxLib.h(2557,1): warning C4819: ファイルは、現在のコード ページ (932) で表示できない文字を含んでいます。データの損失を防ぐために、ファイルを Unicode 形式で保存してください。
  (ソース ファイル 'Source/Light.cpp' をコンパイルしています)
  
C:\DxLib_VC\プロジェクトに追加すべきファイル_VC用\DxLib.h(2702,1): warning C4819: ファイルは、現在のコード ページ (932) で表示できない文字を含んでいます。データの損失を防ぐために、ファイルを Unicode 形式で保存してください。
  (ソース ファイル 'Source/Light.cpp' をコンパイルしています)
  
C:\DxLib_VC\プロジェクトに追加すべきファイル_VC用\DxLib.h(2788,1): warning C4819: ファイルは、現在のコード ページ (932) で表示できない文字を含んでいます。データの損失を防ぐために、ファイルを Unicode 形式で保存してください。
  (ソース ファイル 'Source/Light.cpp' をコンパイルしています)
  
C:\DxLib_VC\プロジェクトに追加すべきファイル_VC用\DxLib.h(2891,1): warning C4819: ファイルは、現在のコード ページ (932) で表示できない文字を含んでいます。データの損失を防ぐために、ファイルを Unicode 形式で保存してください。
  (ソース ファイル 'Source/Light.cpp' をコンパイルしています)
  
C:\DxLib_VC\プロジェクトに追加すべきファイル_VC用\DxLib.h(2991,1): warning C4819: ファイルは、現在のコード ページ (932) で表示できない文字を含んでいます。データの損失を防ぐために、ファイルを Unicode 形式で保存してください。
  (ソース ファイル 'Source/Light.cpp' をコンパイルしています)
  
C:\DxLib_VC\プロジェクトに追加すべきファイル_VC用\DxLib.h(3120,1): warning C4819: ファイルは、現在のコード ページ (932) で表示できない文字を含んでいます。データの損失を防ぐために、ファイルを Unicode 形式で保存してください。
  (ソース ファイル 'Source/Light.cpp' をコンパイルしています)
  
C:\DxLib_VC\プロジェクトに追加すべきファイル_VC用\DxLib.h(3264,1): warning C4819: ファイルは、現在のコード ページ (932) で表示できない文字を含んでいます。データの損失を防ぐために、ファイルを Unicode 形式で保存してください。
  (ソース ファイル 'Source/Light.cpp' をコンパイルしています)
  
C:\DxLib_VC\プロジェクトに追加すべきファイル_VC用\DxLib.h(3382,1): warning C4819: ファイルは、現在のコード ページ (932) で表示できない文字を含んでいます。データの損失を防ぐために、ファイルを Unicode 形式で保存してください。
  (ソース ファイル 'Source/Light.cpp' をコンパイルしています)
  
C:\DxLib_VC\プロジェクトに追加すべきファイル_VC用\DxLib.h(3516,1): warning C4819: ファイルは、現在のコード ページ (932) で表示できない文字を含んでいます。データの損失を防ぐために、ファイルを Unicode 形式で保存してください。
  (ソース ファイル 'Source/Light.cpp' をコンパイルしています)
  
C:\DxLib_VC\プロジェクトに追加すべきファイル_VC用\DxLib.h(3698,1): warning C4819: ファイルは、現在のコード ページ (932) で表示できない文字を含んでいます。データの損失を防ぐために、ファイルを Unicode 形式で保存してください。
  (ソース ファイル 'Source/Light.cpp' をコンパイルしています)
  
C:\DxLib_VC\プロジェクトに追加すべきファイル_VC用\DxLib.h(3803,1): warning C4819: ファイルは、現在のコード ページ (932) で表示できない文字を含んでいます。データの損失を防ぐために、ファイルを Unicode 形式で保存してください。
  (ソース ファイル 'Source/Light.cpp' をコンパイルしています)
  
C:\DxLib_VC\プロジェクトに追加すべきファイル_VC用\DxLib.h(3882,1): warning C4819: ファイルは、現在のコード ページ (932) で表示できない文字を含んでいます。データの損失を防ぐために、ファイルを Unicode 形式で保存してください。
  (ソース ファイル 'Source/Light.cpp' をコンパイルしています)
  
C:\DxLib_VC\プロジェクトに追加すべきファイル_VC用\DxLib.h(3984,1): warning C4819: ファイルは、現在のコード ページ (932) で表示できない文字を含んでいます。データの損失を防ぐために、ファイルを Unicode 形式で保存してください。
  (ソース ファイル 'Source/Light.cpp' をコンパイルしています)
  
C:\DxLib_VC\プロジェクトに追加すべきファイル_VC用\DxLib.h(4114,1): warning C4819: ファイルは、現在のコード ページ (932) で表示できない文字を含んでいます。データの損失を防ぐために、ファイルを Unicode 形式で保存してください。
  (ソース ファイル 'Source/Light.cpp' をコンパイルしています)
  
C:\DxLib_VC\プロジェクトに追加すべきファイル_VC用\DxLib.h(4608,1): warning C4819: ファイルは、現在のコード ページ (932) で表示できない文字を含んでいます。データの損失を防ぐために、ファイルを Unicode 形式で保存してください。
  (ソース ファイル 'Source/Light.cpp' をコンパイルしています)
  
C:\DxLib_VC\プロジェクトに追加すべきファイル_VC用\DxLib.h(4761,1): warning C4819: ファイルは、現在のコード ページ (932) で表示できない文字を含んでいます。データの損失を防ぐために、ファイルを Unicode 形式で保存してください。
  (ソース ファイル 'Source/Light.cpp' をコンパイルしています)
  
C:\DxLib_VC\プロジェクトに追加すべきファイル_VC用\DxLib.h(4905,1): warning C4819: ファイルは、現在のコード ページ (932) で表示できない文字を含んでいます。データの損失を防ぐために、ファイルを Unicode 形式で保存してください。
  (ソース ファイル 'Source/Light.cpp' をコンパイルしています)
  
C:\DxLib_VC\プロジェクトに追加すべきファイル_VC用\DxLib.h(5043,1): warning C4819: ファイルは、現在のコード ページ (932) で表示できない文字を含んでいます。データの損失を防ぐために、ファイルを Unicode 形式で保存してください。
  (ソース ファイル 'Source/Light.cpp' をコンパイルしています)
  
C:\DxLib_VC\プロジェクトに追加すべきファイル_VC用\DxLib.h(5190,1): warning C4819: ファイルは、現在のコード ページ (932) で表示できない文字を含んでいます。データの損失を防ぐために、ファイルを Unicode 形式で保存してください。
  (ソース ファイル 'Source/Light.cpp' をコンパイルしています)
  
C:\DxLib_VC\プロジェクトに追加すべきファイル_VC用\DxLib.h(5323,1): warning C4819: ファイルは、現在のコード ページ (932) で表示できない文字を含んでいます。データの損失を防ぐために、ファイルを Unicode 形式で保存してください。
  (ソース ファイル 'Source/Light.cpp' をコンパイルしています)
  
C:\DxLib_VC\プロジェクトに追加すべきファイル_VC用\DxLib.h(5438,1): warning C4819: ファイルは、現在のコード ページ (932) で表示できない文字を含んでいます。データの損失を防ぐために、ファイルを Unicode 形式で保存してください。
  (ソース ファイル 'Source/Light.cpp' をコンパイルしています)
  
C:\DxLib_VC\プロジェクトに追加すべきファイル_VC用\DxLib.h(5605,1): warning C4819: ファイルは、現在のコード ページ (932) で表示できない文字を含んでいます。データの損失を防ぐために、ファイルを Unicode 形式で保存してください。
  (ソース ファイル 'Source/Light.cpp' をコンパイルしています)
  
  ListScene.cpp
C:\DxLib_VC\プロジェクトに追加すべきファイル_VC用\DxLib.h(1,1): warning C4819: ファイルは、現在のコード ページ (932) で表示できない文字を含んでいます。データの損失を防ぐために、ファイルを Unicode 形式で保存してください。
  (ソース ファイル 'Source/ListScene.cpp' をコンパイルしています)
  
C:\DxLib_VC\プロジェクトに追加すべきファイル_VC用\DxLib.h(349,1): warning C4819: ファイルは、現在のコード ページ (932) で表示できない文字を含んでいます。データの損失を防ぐために、ファイルを Unicode 形式で保存してください。
  (ソース ファイル 'Source/ListScene.cpp' をコンパイルしています)
  
C:\DxLib_VC\プロジェクトに追加すべきファイル_VC用\DxLib.h(708,1): warning C4819: ファイルは、現在のコード ページ (932) で表示できない文字を含んでいます。データの損失を防ぐために、ファイルを Unicode 形式で保存してください。
  (ソース ファイル 'Source/ListScene.cpp' をコンパイルしています)
  
C:\DxLib_VC\プロジェクトに追加すべきファイル_VC用\DxLib.h(1106,1): warning C4819: ファイルは、現在のコード ページ (932) で表示できない文字を含んでいます。データの損失を防ぐために、ファイルを Unicode 形式で保存してください。
  (ソース ファイル 'Source/ListScene.cpp' をコンパイルしています)
  
C:\DxLib_VC\プロジェクトに追加すべきファイル_VC用\DxLib.h(1610,1): warning C4819: ファイルは、現在のコード ページ (932) で表示できない文字を含んでいます。データの損失を防ぐために、ファイルを Unicode 形式で保存してください。
  (ソース ファイル 'Source/ListScene.cpp' をコンパイルしています)
  
C:\DxLib_VC\プロジェクトに追加すべきファイル_VC用\DxLib.h(2014,1): warning C4819: ファイルは、現在のコード ページ (932) で表示できない文字を含んでいます。データの損失を防ぐために、ファイルを Unicode 形式で保存してください。
  (ソース ファイル 'Source/ListScene.cpp' をコンパイルしています)
  
C:\DxLib_VC\プロジェクトに追加すべきファイル_VC用\DxLib.h(2241,1): warning C4819: ファイルは、現在のコード ページ (932) で表示できない文字を含んでいます。データの損失を防ぐために、ファイルを Unicode 形式で保存してください。
  (ソース ファイル 'Source/ListScene.cpp' をコンパイルしています)
  
C:\DxLib_VC\プロジェクトに追加すべきファイル_VC用\DxLib.h(2384,1): warning C4819: ファイルは、現在のコード ページ (932) で表示できない文字を含んでいます。データの損失を防ぐために、ファイルを Unicode 形式で保存してください。
  (ソース ファイル 'Source/ListScene.cpp' をコンパイルしています)
  
C:\DxLib_VC\プロジェクトに追加すべきファイル_VC用\DxLib.h(2557,1): warning C4819: ファイルは、現在のコード ページ (932) で表示できない文字を含んでいます。データの損失を防ぐために、ファイルを Unicode 形式で保存してください。
  (ソース ファイル 'Source/ListScene.cpp' をコンパイルしています)
  
C:\DxLib_VC\プロジェクトに追加すべきファイル_VC用\DxLib.h(2702,1): warning C4819: ファイルは、現在のコード ページ (932) で表示できない文字を含んでいます。データの損失を防ぐために、ファイルを Unicode 形式で保存してください。
  (ソース ファイル 'Source/ListScene.cpp' をコンパイルしています)
  
C:\DxLib_VC\プロジェクトに追加すべきファイル_VC用\DxLib.h(2788,1): warning C4819: ファイルは、現在のコード ページ (932) で表示できない文字を含んでいます。データの損失を防ぐために、ファイルを Unicode 形式で保存してください。
  (ソース ファイル 'Source/ListScene.cpp' をコンパイルしています)
  
C:\DxLib_VC\プロジェクトに追加すべきファイル_VC用\DxLib.h(2891,1): warning C4819: ファイルは、現在のコード ページ (932) で表示できない文字を含んでいます。データの損失を防ぐために、ファイルを Unicode 形式で保存してください。
  (ソース ファイル 'Source/ListScene.cpp' をコンパイルしています)
  
C:\DxLib_VC\プロジェクトに追加すべきファイル_VC用\DxLib.h(2991,1): warning C4819: ファイルは、現在のコード ページ (932) で表示できない文字を含んでいます。データの損失を防ぐために、ファイルを Unicode 形式で保存してください。
  (ソース ファイル 'Source/ListScene.cpp' をコンパイルしています)
  
C:\DxLib_VC\プロジェクトに追加すべきファイル_VC用\DxLib.h(3120,1): warning C4819: ファイルは、現在のコード ページ (932) で表示できない文字を含んでいます。データの損失を防ぐために、ファイルを Unicode 形式で保存してください。
  (ソース ファイル 'Source/ListScene.cpp' をコンパイルしています)
  
C:\DxLib_VC\プロジェクトに追加すべきファイル_VC用\DxLib.h(3264,1): warning C4819: ファイルは、現在のコード ページ (932) で表示できない文字を含んでいます。データの損失を防ぐために、ファイルを Unicode 形式で保存してください。
  (ソース ファイル 'Source/ListScene.cpp' をコンパイルしています)
  
C:\DxLib_VC\プロジェクトに追加すべきファイル_VC用\DxLib.h(3382,1): warning C4819: ファイルは、現在のコード ページ (932) で表示できない文字を含んでいます。データの損失を防ぐために、ファイルを Unicode 形式で保存してください。
  (ソース ファイル 'Source/ListScene.cpp' をコンパイルしています)
  
C:\DxLib_VC\プロジェクトに追加すべきファイル_VC用\DxLib.h(3516,1): warning C4819: ファイルは、現在のコード ページ (932) で表示できない文字を含んでいます。データの損失を防ぐために、ファイルを Unicode 形式で保存してください。
  (ソース ファイル 'Source/ListScene.cpp' をコンパイルしています)
  
C:\DxLib_VC\プロジェクトに追加すべきファイル_VC用\DxLib.h(3698,1): warning C4819: ファイルは、現在のコード ページ (932) で表示できない文字を含んでいます。データの損失を防ぐために、ファイルを Unicode 形式で保存してください。
  (ソース ファイル 'Source/ListScene.cpp' をコンパイルしています)
  
C:\DxLib_VC\プロジェクトに追加すべきファイル_VC用\DxLib.h(3803,1): warning C4819: ファイルは、現在のコード ページ (932) で表示できない文字を含んでいます。データの損失を防ぐために、ファイルを Unicode 形式で保存してください。
  (ソース ファイル 'Source/ListScene.cpp' をコンパイルしています)
  
C:\DxLib_VC\プロジェクトに追加すべきファイル_VC用\DxLib.h(3882,1): warning C4819: ファイルは、現在のコード ページ (932) で表示できない文字を含んでいます。データの損失を防ぐために、ファイルを Unicode 形式で保存してください。
  (ソース ファイル 'Source/ListScene.cpp' をコンパイルしています)
  
C:\DxLib_VC\プロジェクトに追加すべきファイル_VC用\DxLib.h(3984,1): warning C4819: ファイルは、現在のコード ページ (932) で表示できない文字を含んでいます。データの損失を防ぐために、ファイルを Unicode 形式で保存してください。
  (ソース ファイル 'Source/ListScene.cpp' をコンパイルしています)
  
C:\DxLib_VC\プロジェクトに追加すべきファイル_VC用\DxLib.h(4114,1): warning C4819: ファイルは、現在のコード ページ (932) で表示できない文字を含んでいます。データの損失を防ぐために、ファイルを Unicode 形式で保存してください。
  (ソース ファイル 'Source/ListScene.cpp' をコンパイルしています)
  
C:\DxLib_VC\プロジェクトに追加すべきファイル_VC用\DxLib.h(4608,1): warning C4819: ファイルは、現在のコード ページ (932) で表示できない文字を含んでいます。データの損失を防ぐために、ファイルを Unicode 形式で保存してください。
  (ソース ファイル 'Source/ListScene.cpp' をコンパイルしています)
  
C:\DxLib_VC\プロジェクトに追加すべきファイル_VC用\DxLib.h(4761,1): warning C4819: ファイルは、現在のコード ページ (932) で表示できない文字を含んでいます。データの損失を防ぐために、ファイルを Unicode 形式で保存してください。
  (ソース ファイル 'Source/ListScene.cpp' をコンパイルしています)
  
C:\DxLib_VC\プロジェクトに追加すべきファイル_VC用\DxLib.h(4905,1): warning C4819: ファイルは、現在のコード ページ (932) で表示できない文字を含んでいます。データの損失を防ぐために、ファイルを Unicode 形式で保存してください。
  (ソース ファイル 'Source/ListScene.cpp' をコンパイルしています)
  
C:\DxLib_VC\プロジェクトに追加すべきファイル_VC用\DxLib.h(5043,1): warning C4819: ファイルは、現在のコード ページ (932) で表示できない文字を含んでいます。データの損失を防ぐために、ファイルを Unicode 形式で保存してください。
  (ソース ファイル 'Source/ListScene.cpp' をコンパイルしています)
  
C:\DxLib_VC\プロジェクトに追加すべきファイル_VC用\DxLib.h(5190,1): warning C4819: ファイルは、現在のコード ページ (932) で表示できない文字を含んでいます。データの損失を防ぐために、ファイルを Unicode 形式で保存してください。
  (ソース ファイル 'Source/ListScene.cpp' をコンパイルしています)
  
C:\DxLib_VC\プロジェクトに追加すべきファイル_VC用\DxLib.h(5323,1): warning C4819: ファイルは、現在のコード ページ (932) で表示できない文字を含んでいます。データの損失を防ぐために、ファイルを Unicode 形式で保存してください。
  (ソース ファイル 'Source/ListScene.cpp' をコンパイルしています)
  
C:\DxLib_VC\プロジェクトに追加すべきファイル_VC用\DxLib.h(5438,1): warning C4819: ファイルは、現在のコード ページ (932) で表示できない文字を含んでいます。データの損失を防ぐために、ファイルを Unicode 形式で保存してください。
  (ソース ファイル 'Source/ListScene.cpp' をコンパイルしています)
  
C:\DxLib_VC\プロジェクトに追加すべきファイル_VC用\DxLib.h(5605,1): warning C4819: ファイルは、現在のコード ページ (932) で表示できない文字を含んでいます。データの損失を防ぐために、ファイルを Unicode 形式で保存してください。
  (ソース ファイル 'Source/ListScene.cpp' をコンパイルしています)
  
C:\Program Files\Microsoft Visual Studio\2022\Community\VC\Tools\MSVC\14.44.35207\include\format(42): warning STL4038: The contents of <format> are available only with C++20 or later.
  ManualScene.cpp
C:\DxLib_VC\プロジェクトに追加すべきファイル_VC用\DxLib.h(1,1): warning C4819: ファイルは、現在のコード ページ (932) で表示できない文字を含んでいます。データの損失を防ぐために、ファイルを Unicode 形式で保存してください。
  (ソース ファイル 'Source/ManualScene.cpp' をコンパイルしています)
  
C:\DxLib_VC\プロジェクトに追加すべきファイル_VC用\DxLib.h(349,1): warning C4819: ファイルは、現在のコード ページ (932) で表示できない文字を含んでいます。データの損失を防ぐために、ファイルを Unicode 形式で保存してください。
  (ソース ファイル 'Source/ManualScene.cpp' をコンパイルしています)
  
C:\DxLib_VC\プロジェクトに追加すべきファイル_VC用\DxLib.h(708,1): warning C4819: ファイルは、現在のコード ページ (932) で表示できない文字を含んでいます。データの損失を防ぐために、ファイルを Unicode 形式で保存してください。
  (ソース ファイル 'Source/ManualScene.cpp' をコンパイルしています)
  
C:\DxLib_VC\プロジェクトに追加すべきファイル_VC用\DxLib.h(1106,1): warning C4819: ファイルは、現在のコード ページ (932) で表示できない文字を含んでいます。データの損失を防ぐために、ファイルを Unicode 形式で保存してください。
  (ソース ファイル 'Source/ManualScene.cpp' をコンパイルしています)
  
C:\DxLib_VC\プロジェクトに追加すべきファイル_VC用\DxLib.h(1610,1): warning C4819: ファイルは、現在のコード ページ (932) で表示できない文字を含んでいます。データの損失を防ぐために、ファイルを Unicode 形式で保存してください。
  (ソース ファイル 'Source/ManualScene.cpp' をコンパイルしています)
  
C:\DxLib_VC\プロジェクトに追加すべきファイル_VC用\DxLib.h(2014,1): warning C4819: ファイルは、現在のコード ページ (932) で表示できない文字を含んでいます。データの損失を防ぐために、ファイルを Unicode 形式で保存してください。
  (ソース ファイル 'Source/ManualScene.cpp' をコンパイルしています)
  
C:\DxLib_VC\プロジェクトに追加すべきファイル_VC用\DxLib.h(2241,1): warning C4819: ファイルは、現在のコード ページ (932) で表示できない文字を含んでいます。データの損失を防ぐために、ファイルを Unicode 形式で保存してください。
  (ソース ファイル 'Source/ManualScene.cpp' をコンパイルしています)
  
C:\DxLib_VC\プロジェクトに追加すべきファイル_VC用\DxLib.h(2384,1): warning C4819: ファイルは、現在のコード ページ (932) で表示できない文字を含んでいます。データの損失を防ぐために、ファイルを Unicode 形式で保存してください。
  (ソース ファイル 'Source/ManualScene.cpp' をコンパイルしています)
  
C:\DxLib_VC\プロジェクトに追加すべきファイル_VC用\DxLib.h(2557,1): warning C4819: ファイルは、現在のコード ページ (932) で表示できない文字を含んでいます。データの損失を防ぐために、ファイルを Unicode 形式で保存してください。
  (ソース ファイル 'Source/ManualScene.cpp' をコンパイルしています)
  
C:\DxLib_VC\プロジェクトに追加すべきファイル_VC用\DxLib.h(2702,1): warning C4819: ファイルは、現在のコード ページ (932) で表示できない文字を含んでいます。データの損失を防ぐために、ファイルを Unicode 形式で保存してください。
  (ソース ファイル 'Source/ManualScene.cpp' をコンパイルしています)
  
C:\DxLib_VC\プロジェクトに追加すべきファイル_VC用\DxLib.h(2788,1): warning C4819: ファイルは、現在のコード ページ (932) で表示できない文字を含んでいます。データの損失を防ぐために、ファイルを Unicode 形式で保存してください。
  (ソース ファイル 'Source/ManualScene.cpp' をコンパイルしています)
  
C:\DxLib_VC\プロジェクトに追加すべきファイル_VC用\DxLib.h(2891,1): warning C4819: ファイルは、現在のコード ページ (932) で表示できない文字を含んでいます。データの損失を防ぐために、ファイルを Unicode 形式で保存してください。
  (ソース ファイル 'Source/ManualScene.cpp' をコンパイルしています)
  
C:\DxLib_VC\プロジェクトに追加すべきファイル_VC用\DxLib.h(2991,1): warning C4819: ファイルは、現在のコード ページ (932) で表示できない文字を含んでいます。データの損失を防ぐために、ファイルを Unicode 形式で保存してください。
  (ソース ファイル 'Source/ManualScene.cpp' をコンパイルしています)
  
C:\DxLib_VC\プロジェクトに追加すべきファイル_VC用\DxLib.h(3120,1): warning C4819: ファイルは、現在のコード ページ (932) で表示できない文字を含んでいます。データの損失を防ぐために、ファイルを Unicode 形式で保存してください。
  (ソース ファイル 'Source/ManualScene.cpp' をコンパイルしています)
  
C:\DxLib_VC\プロジェクトに追加すべきファイル_VC用\DxLib.h(3264,1): warning C4819: ファイルは、現在のコード ページ (932) で表示できない文字を含んでいます。データの損失を防ぐために、ファイルを Unicode 形式で保存してください。
  (ソース ファイル 'Source/ManualScene.cpp' をコンパイルしています)
  
C:\DxLib_VC\プロジェクトに追加すべきファイル_VC用\DxLib.h(3382,1): warning C4819: ファイルは、現在のコード ページ (932) で表示できない文字を含んでいます。データの損失を防ぐために、ファイルを Unicode 形式で保存してください。
  (ソース ファイル 'Source/ManualScene.cpp' をコンパイルしています)
  
C:\DxLib_VC\プロジェクトに追加すべきファイル_VC用\DxLib.h(3516,1): warning C4819: ファイルは、現在のコード ページ (932) で表示できない文字を含んでいます。データの損失を防ぐために、ファイルを Unicode 形式で保存してください。
  (ソース ファイル 'Source/ManualScene.cpp' をコンパイルしています)
  
C:\DxLib_VC\プロジェクトに追加すべきファイル_VC用\DxLib.h(3698,1): warning C4819: ファイルは、現在のコード ページ (932) で表示できない文字を含んでいます。データの損失を防ぐために、ファイルを Unicode 形式で保存してください。
  (ソース ファイル 'Source/ManualScene.cpp' をコンパイルしています)
  
C:\DxLib_VC\プロジェクトに追加すべきファイル_VC用\DxLib.h(3803,1): warning C4819: ファイルは、現在のコード ページ (932) で表示できない文字を含んでいます。データの損失を防ぐために、ファイルを Unicode 形式で保存してください。
  (ソース ファイル 'Source/ManualScene.cpp' をコンパイルしています)
  
C:\DxLib_VC\プロジェクトに追加すべきファイル_VC用\DxLib.h(3882,1): warning C4819: ファイルは、現在のコード ページ (932) で表示できない文字を含んでいます。データの損失を防ぐために、ファイルを Unicode 形式で保存してください。
  (ソース ファイル 'Source/ManualScene.cpp' をコンパイルしています)
  
C:\DxLib_VC\プロジェクトに追加すべきファイル_VC用\DxLib.h(3984,1): warning C4819: ファイルは、現在のコード ページ (932) で表示できない文字を含んでいます。データの損失を防ぐために、ファイルを Unicode 形式で保存してください。
  (ソース ファイル 'Source/ManualScene.cpp' をコンパイルしています)
  
C:\DxLib_VC\プロジェクトに追加すべきファイル_VC用\DxLib.h(4114,1): warning C4819: ファイルは、現在のコード ページ (932) で表示できない文字を含んでいます。データの損失を防ぐために、ファイルを Unicode 形式で保存してください。
  (ソース ファイル 'Source/ManualScene.cpp' をコンパイルしています)
  
C:\DxLib_VC\プロジェクトに追加すべきファイル_VC用\DxLib.h(4608,1): warning C4819: ファイルは、現在のコード ページ (932) で表示できない文字を含んでいます。データの損失を防ぐために、ファイルを Unicode 形式で保存してください。
  (ソース ファイル 'Source/ManualScene.cpp' をコンパイルしています)
  
C:\DxLib_VC\プロジェクトに追加すべきファイル_VC用\DxLib.h(4761,1): warning C4819: ファイルは、現在のコード ページ (932) で表示できない文字を含んでいます。データの損失を防ぐために、ファイルを Unicode 形式で保存してください。
  (ソース ファイル 'Source/ManualScene.cpp' をコンパイルしています)
  
C:\DxLib_VC\プロジェクトに追加すべきファイル_VC用\DxLib.h(4905,1): warning C4819: ファイルは、現在のコード ページ (932) で表示できない文字を含んでいます。データの損失を防ぐために、ファイルを Unicode 形式で保存してください。
  (ソース ファイル 'Source/ManualScene.cpp' をコンパイルしています)
  
C:\DxLib_VC\プロジェクトに追加すべきファイル_VC用\DxLib.h(5043,1): warning C4819: ファイルは、現在のコード ページ (932) で表示できない文字を含んでいます。データの損失を防ぐために、ファイルを Unicode 形式で保存してください。
  (ソース ファイル 'Source/ManualScene.cpp' をコンパイルしています)
  
C:\DxLib_VC\プロジェクトに追加すべきファイル_VC用\DxLib.h(5190,1): warning C4819: ファイルは、現在のコード ページ (932) で表示できない文字を含んでいます。データの損失を防ぐために、ファイルを Unicode 形式で保存してください。
  (ソース ファイル 'Source/ManualScene.cpp' をコンパイルしています)
  
C:\DxLib_VC\プロジェクトに追加すべきファイル_VC用\DxLib.h(5323,1): warning C4819: ファイルは、現在のコード ページ (932) で表示できない文字を含んでいます。データの損失を防ぐために、ファイルを Unicode 形式で保存してください。
  (ソース ファイル 'Source/ManualScene.cpp' をコンパイルしています)
  
C:\DxLib_VC\プロジェクトに追加すべきファイル_VC用\DxLib.h(5438,1): warning C4819: ファイルは、現在のコード ページ (932) で表示できない文字を含んでいます。データの損失を防ぐために、ファイルを Unicode 形式で保存してください。
  (ソース ファイル 'Source/ManualScene.cpp' をコンパイルしています)
  
C:\DxLib_VC\プロジェクトに追加すべきファイル_VC用\DxLib.h(5605,1): warning C4819: ファイルは、現在のコード ページ (932) で表示できない文字を含んでいます。データの損失を防ぐために、ファイルを Unicode 形式で保存してください。
  (ソース ファイル 'Source/ManualScene.cpp' をコンパイルしています)
  
C:\Program Files\Microsoft Visual Studio\2022\Community\VC\Tools\MSVC\14.44.35207\include\format(42): warning STL4038: The contents of <format> are available only with C++20 or later.
  OverlayAnimation.cpp
C:\DxLib_VC\プロジェクトに追加すべきファイル_VC用\DxLib.h(1,1): warning C4819: ファイルは、現在のコード ページ (932) で表示できない文字を含んでいます。データの損失を防ぐために、ファイルを Unicode 形式で保存してください。
  (ソース ファイル 'Source/OverlayAnimation.cpp' をコンパイルしています)
  
C:\DxLib_VC\プロジェクトに追加すべきファイル_VC用\DxLib.h(349,1): warning C4819: ファイルは、現在のコード ページ (932) で表示できない文字を含んでいます。データの損失を防ぐために、ファイルを Unicode 形式で保存してください。
  (ソース ファイル 'Source/OverlayAnimation.cpp' をコンパイルしています)
  
C:\DxLib_VC\プロジェクトに追加すべきファイル_VC用\DxLib.h(708,1): warning C4819: ファイルは、現在のコード ページ (932) で表示できない文字を含んでいます。データの損失を防ぐために、ファイルを Unicode 形式で保存してください。
  (ソース ファイル 'Source/OverlayAnimation.cpp' をコンパイルしています)
  
C:\DxLib_VC\プロジェクトに追加すべきファイル_VC用\DxLib.h(1106,1): warning C4819: ファイルは、現在のコード ページ (932) で表示できない文字を含んでいます。データの損失を防ぐために、ファイルを Unicode 形式で保存してください。
  (ソース ファイル 'Source/OverlayAnimation.cpp' をコンパイルしています)
  
C:\DxLib_VC\プロジェクトに追加すべきファイル_VC用\DxLib.h(1610,1): warning C4819: ファイルは、現在のコード ページ (932) で表示できない文字を含んでいます。データの損失を防ぐために、ファイルを Unicode 形式で保存してください。
  (ソース ファイル 'Source/OverlayAnimation.cpp' をコンパイルしています)
  
C:\DxLib_VC\プロジェクトに追加すべきファイル_VC用\DxLib.h(2014,1): warning C4819: ファイルは、現在のコード ページ (932) で表示できない文字を含んでいます。データの損失を防ぐために、ファイルを Unicode 形式で保存してください。
  (ソース ファイル 'Source/OverlayAnimation.cpp' をコンパイルしています)
  
C:\DxLib_VC\プロジェクトに追加すべきファイル_VC用\DxLib.h(2241,1): warning C4819: ファイルは、現在のコード ページ (932) で表示できない文字を含んでいます。データの損失を防ぐために、ファイルを Unicode 形式で保存してください。
  (ソース ファイル 'Source/OverlayAnimation.cpp' をコンパイルしています)
  
C:\DxLib_VC\プロジェクトに追加すべきファイル_VC用\DxLib.h(2384,1): warning C4819: ファイルは、現在のコード ページ (932) で表示できない文字を含んでいます。データの損失を防ぐために、ファイルを Unicode 形式で保存してください。
  (ソース ファイル 'Source/OverlayAnimation.cpp' をコンパイルしています)
  
C:\DxLib_VC\プロジェクトに追加すべきファイル_VC用\DxLib.h(2557,1): warning C4819: ファイルは、現在のコード ページ (932) で表示できない文字を含んでいます。データの損失を防ぐために、ファイルを Unicode 形式で保存してください。
  (ソース ファイル 'Source/OverlayAnimation.cpp' をコンパイルしています)
  
C:\DxLib_VC\プロジェクトに追加すべきファイル_VC用\DxLib.h(2702,1): warning C4819: ファイルは、現在のコード ページ (932) で表示できない文字を含んでいます。データの損失を防ぐために、ファイルを Unicode 形式で保存してください。
  (ソース ファイル 'Source/OverlayAnimation.cpp' をコンパイルしています)
  
C:\DxLib_VC\プロジェクトに追加すべきファイル_VC用\DxLib.h(2788,1): warning C4819: ファイルは、現在のコード ページ (932) で表示できない文字を含んでいます。データの損失を防ぐために、ファイルを Unicode 形式で保存してください。
  (ソース ファイル 'Source/OverlayAnimation.cpp' をコンパイルしています)
  
C:\DxLib_VC\プロジェクトに追加すべきファイル_VC用\DxLib.h(2891,1): warning C4819: ファイルは、現在のコード ページ (932) で表示できない文字を含んでいます。データの損失を防ぐために、ファイルを Unicode 形式で保存してください。
  (ソース ファイル 'Source/OverlayAnimation.cpp' をコンパイルしています)
  
C:\DxLib_VC\プロジェクトに追加すべきファイル_VC用\DxLib.h(2991,1): warning C4819: ファイルは、現在のコード ページ (932) で表示できない文字を含んでいます。データの損失を防ぐために、ファイルを Unicode 形式で保存してください。
  (ソース ファイル 'Source/OverlayAnimation.cpp' をコンパイルしています)
  
C:\DxLib_VC\プロジェクトに追加すべきファイル_VC用\DxLib.h(3120,1): warning C4819: ファイルは、現在のコード ページ (932) で表示できない文字を含んでいます。データの損失を防ぐために、ファイルを Unicode 形式で保存してください。
  (ソース ファイル 'Source/OverlayAnimation.cpp' をコンパイルしています)
  
C:\DxLib_VC\プロジェクトに追加すべきファイル_VC用\DxLib.h(3264,1): warning C4819: ファイルは、現在のコード ページ (932) で表示できない文字を含んでいます。データの損失を防ぐために、ファイルを Unicode 形式で保存してください。
  (ソース ファイル 'Source/OverlayAnimation.cpp' をコンパイルしています)
  
C:\DxLib_VC\プロジェクトに追加すべきファイル_VC用\DxLib.h(3382,1): warning C4819: ファイルは、現在のコード ページ (932) で表示できない文字を含んでいます。データの損失を防ぐために、ファイルを Unicode 形式で保存してください。
  (ソース ファイル 'Source/OverlayAnimation.cpp' をコンパイルしています)
  
C:\DxLib_VC\プロジェクトに追加すべきファイル_VC用\DxLib.h(3516,1): warning C4819: ファイルは、現在のコード ページ (932) で表示できない文字を含んでいます。データの損失を防ぐために、ファイルを Unicode 形式で保存してください。
  (ソース ファイル 'Source/OverlayAnimation.cpp' をコンパイルしています)
  
C:\DxLib_VC\プロジェクトに追加すべきファイル_VC用\DxLib.h(3698,1): warning C4819: ファイルは、現在のコード ページ (932) で表示できない文字を含んでいます。データの損失を防ぐために、ファイルを Unicode 形式で保存してください。
  (ソース ファイル 'Source/OverlayAnimation.cpp' をコンパイルしています)
  
C:\DxLib_VC\プロジェクトに追加すべきファイル_VC用\DxLib.h(3803,1): warning C4819: ファイルは、現在のコード ページ (932) で表示できない文字を含んでいます。データの損失を防ぐために、ファイルを Unicode 形式で保存してください。
  (ソース ファイル 'Source/OverlayAnimation.cpp' をコンパイルしています)
  
C:\DxLib_VC\プロジェクトに追加すべきファイル_VC用\DxLib.h(3882,1): warning C4819: ファイルは、現在のコード ページ (932) で表示できない文字を含んでいます。データの損失を防ぐために、ファイルを Unicode 形式で保存してください。
  (ソース ファイル 'Source/OverlayAnimation.cpp' をコンパイルしています)
  
C:\DxLib_VC\プロジェクトに追加すべきファイル_VC用\DxLib.h(3984,1): warning C4819: ファイルは、現在のコード ページ (932) で表示できない文字を含んでいます。データの損失を防ぐために、ファイルを Unicode 形式で保存してください。
  (ソース ファイル 'Source/OverlayAnimation.cpp' をコンパイルしています)
  
C:\DxLib_VC\プロジェクトに追加すべきファイル_VC用\DxLib.h(4114,1): warning C4819: ファイルは、現在のコード ページ (932) で表示できない文字を含んでいます。データの損失を防ぐために、ファイルを Unicode 形式で保存してください。
  (ソース ファイル 'Source/OverlayAnimation.cpp' をコンパイルしています)
  
C:\DxLib_VC\プロジェクトに追加すべきファイル_VC用\DxLib.h(4608,1): warning C4819: ファイルは、現在のコード ページ (932) で表示できない文字を含んでいます。データの損失を防ぐために、ファイルを Unicode 形式で保存してください。
  (ソース ファイル 'Source/OverlayAnimation.cpp' をコンパイルしています)
  
C:\DxLib_VC\プロジェクトに追加すべきファイル_VC用\DxLib.h(4761,1): warning C4819: ファイルは、現在のコード ページ (932) で表示できない文字を含んでいます。データの損失を防ぐために、ファイルを Unicode 形式で保存してください。
  (ソース ファイル 'Source/OverlayAnimation.cpp' をコンパイルしています)
  
C:\DxLib_VC\プロジェクトに追加すべきファイル_VC用\DxLib.h(4905,1): warning C4819: ファイルは、現在のコード ページ (932) で表示できない文字を含んでいます。データの損失を防ぐために、ファイルを Unicode 形式で保存してください。
  (ソース ファイル 'Source/OverlayAnimation.cpp' をコンパイルしています)
  
C:\DxLib_VC\プロジェクトに追加すべきファイル_VC用\DxLib.h(5043,1): warning C4819: ファイルは、現在のコード ページ (932) で表示できない文字を含んでいます。データの損失を防ぐために、ファイルを Unicode 形式で保存してください。
  (ソース ファイル 'Source/OverlayAnimation.cpp' をコンパイルしています)
  
C:\DxLib_VC\プロジェクトに追加すべきファイル_VC用\DxLib.h(5190,1): warning C4819: ファイルは、現在のコード ページ (932) で表示できない文字を含んでいます。データの損失を防ぐために、ファイルを Unicode 形式で保存してください。
  (ソース ファイル 'Source/OverlayAnimation.cpp' をコンパイルしています)
  
C:\DxLib_VC\プロジェクトに追加すべきファイル_VC用\DxLib.h(5323,1): warning C4819: ファイルは、現在のコード ページ (932) で表示できない文字を含んでいます。データの損失を防ぐために、ファイルを Unicode 形式で保存してください。
  (ソース ファイル 'Source/OverlayAnimation.cpp' をコンパイルしています)
  
C:\DxLib_VC\プロジェクトに追加すべきファイル_VC用\DxLib.h(5438,1): warning C4819: ファイルは、現在のコード ページ (932) で表示できない文字を含んでいます。データの損失を防ぐために、ファイルを Unicode 形式で保存してください。
  (ソース ファイル 'Source/OverlayAnimation.cpp' をコンパイルしています)
  
C:\DxLib_VC\プロジェクトに追加すべきファイル_VC用\DxLib.h(5605,1): warning C4819: ファイルは、現在のコード ページ (932) で表示できない文字を含んでいます。データの損失を防ぐために、ファイルを Unicode 形式で保存してください。
  (ソース ファイル 'Source/OverlayAnimation.cpp' をコンパイルしています)
  
  OverlayManager.cpp
C:\DxLib_VC\プロジェクトに追加すべきファイル_VC用\DxLib.h(1,1): warning C4819: ファイルは、現在のコード ページ (932) で表示できない文字を含んでいます。データの損失を防ぐために、ファイルを Unicode 形式で保存してください。
  (ソース ファイル 'Source/OverlayManager.cpp' をコンパイルしています)
  
C:\DxLib_VC\プロジェクトに追加すべきファイル_VC用\DxLib.h(349,1): warning C4819: ファイルは、現在のコード ページ (932) で表示できない文字を含んでいます。データの損失を防ぐために、ファイルを Unicode 形式で保存してください。
  (ソース ファイル 'Source/OverlayManager.cpp' をコンパイルしています)
  
C:\DxLib_VC\プロジェクトに追加すべきファイル_VC用\DxLib.h(708,1): warning C4819: ファイルは、現在のコード ページ (932) で表示できない文字を含んでいます。データの損失を防ぐために、ファイルを Unicode 形式で保存してください。
  (ソース ファイル 'Source/OverlayManager.cpp' をコンパイルしています)
  
C:\DxLib_VC\プロジェクトに追加すべきファイル_VC用\DxLib.h(1106,1): warning C4819: ファイルは、現在のコード ページ (932) で表示できない文字を含んでいます。データの損失を防ぐために、ファイルを Unicode 形式で保存してください。
  (ソース ファイル 'Source/OverlayManager.cpp' をコンパイルしています)
  
C:\DxLib_VC\プロジェクトに追加すべきファイル_VC用\DxLib.h(1610,1): warning C4819: ファイルは、現在のコード ページ (932) で表示できない文字を含んでいます。データの損失を防ぐために、ファイルを Unicode 形式で保存してください。
  (ソース ファイル 'Source/OverlayManager.cpp' をコンパイルしています)
  
C:\DxLib_VC\プロジェクトに追加すべきファイル_VC用\DxLib.h(2014,1): warning C4819: ファイルは、現在のコード ページ (932) で表示できない文字を含んでいます。データの損失を防ぐために、ファイルを Unicode 形式で保存してください。
  (ソース ファイル 'Source/OverlayManager.cpp' をコンパイルしています)
  
C:\DxLib_VC\プロジェクトに追加すべきファイル_VC用\DxLib.h(2241,1): warning C4819: ファイルは、現在のコード ページ (932) で表示できない文字を含んでいます。データの損失を防ぐために、ファイルを Unicode 形式で保存してください。
  (ソース ファイル 'Source/OverlayManager.cpp' をコンパイルしています)
  
C:\DxLib_VC\プロジェクトに追加すべきファイル_VC用\DxLib.h(2384,1): warning C4819: ファイルは、現在のコード ページ (932) で表示できない文字を含んでいます。データの損失を防ぐために、ファイルを Unicode 形式で保存してください。
  (ソース ファイル 'Source/OverlayManager.cpp' をコンパイルしています)
  
C:\DxLib_VC\プロジェクトに追加すべきファイル_VC用\DxLib.h(2557,1): warning C4819: ファイルは、現在のコード ページ (932) で表示できない文字を含んでいます。データの損失を防ぐために、ファイルを Unicode 形式で保存してください。
  (ソース ファイル 'Source/OverlayManager.cpp' をコンパイルしています)
  
C:\DxLib_VC\プロジェクトに追加すべきファイル_VC用\DxLib.h(2702,1): warning C4819: ファイルは、現在のコード ページ (932) で表示できない文字を含んでいます。データの損失を防ぐために、ファイルを Unicode 形式で保存してください。
  (ソース ファイル 'Source/OverlayManager.cpp' をコンパイルしています)
  
C:\DxLib_VC\プロジェクトに追加すべきファイル_VC用\DxLib.h(2788,1): warning C4819: ファイルは、現在のコード ページ (932) で表示できない文字を含んでいます。データの損失を防ぐために、ファイルを Unicode 形式で保存してください。
  (ソース ファイル 'Source/OverlayManager.cpp' をコンパイルしています)
  
C:\DxLib_VC\プロジェクトに追加すべきファイル_VC用\DxLib.h(2891,1): warning C4819: ファイルは、現在のコード ページ (932) で表示できない文字を含んでいます。データの損失を防ぐために、ファイルを Unicode 形式で保存してください。
  (ソース ファイル 'Source/OverlayManager.cpp' をコンパイルしています)
  
C:\DxLib_VC\プロジェクトに追加すべきファイル_VC用\DxLib.h(2991,1): warning C4819: ファイルは、現在のコード ページ (932) で表示できない文字を含んでいます。データの損失を防ぐために、ファイルを Unicode 形式で保存してください。
  (ソース ファイル 'Source/OverlayManager.cpp' をコンパイルしています)
  
C:\DxLib_VC\プロジェクトに追加すべきファイル_VC用\DxLib.h(3120,1): warning C4819: ファイルは、現在のコード ページ (932) で表示できない文字を含んでいます。データの損失を防ぐために、ファイルを Unicode 形式で保存してください。
  (ソース ファイル 'Source/OverlayManager.cpp' をコンパイルしています)
  
C:\DxLib_VC\プロジェクトに追加すべきファイル_VC用\DxLib.h(3264,1): warning C4819: ファイルは、現在のコード ページ (932) で表示できない文字を含んでいます。データの損失を防ぐために、ファイルを Unicode 形式で保存してください。
  (ソース ファイル 'Source/OverlayManager.cpp' をコンパイルしています)
  
C:\DxLib_VC\プロジェクトに追加すべきファイル_VC用\DxLib.h(3382,1): warning C4819: ファイルは、現在のコード ページ (932) で表示できない文字を含んでいます。データの損失を防ぐために、ファイルを Unicode 形式で保存してください。
  (ソース ファイル 'Source/OverlayManager.cpp' をコンパイルしています)
  
C:\DxLib_VC\プロジェクトに追加すべきファイル_VC用\DxLib.h(3516,1): warning C4819: ファイルは、現在のコード ページ (932) で表示できない文字を含んでいます。データの損失を防ぐために、ファイルを Unicode 形式で保存してください。
  (ソース ファイル 'Source/OverlayManager.cpp' をコンパイルしています)
  
C:\DxLib_VC\プロジェクトに追加すべきファイル_VC用\DxLib.h(3698,1): warning C4819: ファイルは、現在のコード ページ (932) で表示できない文字を含んでいます。データの損失を防ぐために、ファイルを Unicode 形式で保存してください。
  (ソース ファイル 'Source/OverlayManager.cpp' をコンパイルしています)
  
C:\DxLib_VC\プロジェクトに追加すべきファイル_VC用\DxLib.h(3803,1): warning C4819: ファイルは、現在のコード ページ (932) で表示できない文字を含んでいます。データの損失を防ぐために、ファイルを Unicode 形式で保存してください。
  (ソース ファイル 'Source/OverlayManager.cpp' をコンパイルしています)
  
C:\DxLib_VC\プロジェクトに追加すべきファイル_VC用\DxLib.h(3882,1): warning C4819: ファイルは、現在のコード ページ (932) で表示できない文字を含んでいます。データの損失を防ぐために、ファイルを Unicode 形式で保存してください。
  (ソース ファイル 'Source/OverlayManager.cpp' をコンパイルしています)
  
C:\DxLib_VC\プロジェクトに追加すべきファイル_VC用\DxLib.h(3984,1): warning C4819: ファイルは、現在のコード ページ (932) で表示できない文字を含んでいます。データの損失を防ぐために、ファイルを Unicode 形式で保存してください。
  (ソース ファイル 'Source/OverlayManager.cpp' をコンパイルしています)
  
C:\DxLib_VC\プロジェクトに追加すべきファイル_VC用\DxLib.h(4114,1): warning C4819: ファイルは、現在のコード ページ (932) で表示できない文字を含んでいます。データの損失を防ぐために、ファイルを Unicode 形式で保存してください。
  (ソース ファイル 'Source/OverlayManager.cpp' をコンパイルしています)
  
C:\DxLib_VC\プロジェクトに追加すべきファイル_VC用\DxLib.h(4608,1): warning C4819: ファイルは、現在のコード ページ (932) で表示できない文字を含んでいます。データの損失を防ぐために、ファイルを Unicode 形式で保存してください。
  (ソース ファイル 'Source/OverlayManager.cpp' をコンパイルしています)
  
C:\DxLib_VC\プロジェクトに追加すべきファイル_VC用\DxLib.h(4761,1): warning C4819: ファイルは、現在のコード ページ (932) で表示できない文字を含んでいます。データの損失を防ぐために、ファイルを Unicode 形式で保存してください。
  (ソース ファイル 'Source/OverlayManager.cpp' をコンパイルしています)
  
C:\DxLib_VC\プロジェクトに追加すべきファイル_VC用\DxLib.h(4905,1): warning C4819: ファイルは、現在のコード ページ (932) で表示できない文字を含んでいます。データの損失を防ぐために、ファイルを Unicode 形式で保存してください。
  (ソース ファイル 'Source/OverlayManager.cpp' をコンパイルしています)
  
C:\DxLib_VC\プロジェクトに追加すべきファイル_VC用\DxLib.h(5043,1): warning C4819: ファイルは、現在のコード ページ (932) で表示できない文字を含んでいます。データの損失を防ぐために、ファイルを Unicode 形式で保存してください。
  (ソース ファイル 'Source/OverlayManager.cpp' をコンパイルしています)
  
C:\DxLib_VC\プロジェクトに追加すべきファイル_VC用\DxLib.h(5190,1): warning C4819: ファイルは、現在のコード ページ (932) で表示できない文字を含んでいます。データの損失を防ぐために、ファイルを Unicode 形式で保存してください。
  (ソース ファイル 'Source/OverlayManager.cpp' をコンパイルしています)
  
C:\DxLib_VC\プロジェクトに追加すべきファイル_VC用\DxLib.h(5323,1): warning C4819: ファイルは、現在のコード ページ (932) で表示できない文字を含んでいます。データの損失を防ぐために、ファイルを Unicode 形式で保存してください。
  (ソース ファイル 'Source/OverlayManager.cpp' をコンパイルしています)
  
C:\DxLib_VC\プロジェクトに追加すべきファイル_VC用\DxLib.h(5438,1): warning C4819: ファイルは、現在のコード ページ (932) で表示できない文字を含んでいます。データの損失を防ぐために、ファイルを Unicode 形式で保存してください。
  (ソース ファイル 'Source/OverlayManager.cpp' をコンパイルしています)
  
C:\DxLib_VC\プロジェクトに追加すべきファイル_VC用\DxLib.h(5605,1): warning C4819: ファイルは、現在のコード ページ (932) で表示できない文字を含んでいます。データの損失を防ぐために、ファイルを Unicode 形式で保存してください。
  (ソース ファイル 'Source/OverlayManager.cpp' をコンパイルしています)
  
C:\Program Files\Microsoft Visual Studio\2022\Community\VC\Tools\MSVC\14.44.35207\include\format(42): warning STL4038: The contents of <format> are available only with C++20 or later.
  PlayScene.cpp
C:\DxLib_VC\プロジェクトに追加すべきファイル_VC用\DxLib.h(1,1): warning C4819: ファイルは、現在のコード ページ (932) で表示できない文字を含んでいます。データの損失を防ぐために、ファイルを Unicode 形式で保存してください。
  (ソース ファイル 'Source/PlayScene.cpp' をコンパイルしています)
  
C:\DxLib_VC\プロジェクトに追加すべきファイル_VC用\DxLib.h(349,1): warning C4819: ファイルは、現在のコード ページ (932) で表示できない文字を含んでいます。データの損失を防ぐために、ファイルを Unicode 形式で保存してください。
  (ソース ファイル 'Source/PlayScene.cpp' をコンパイルしています)
  
C:\DxLib_VC\プロジェクトに追加すべきファイル_VC用\DxLib.h(708,1): warning C4819: ファイルは、現在のコード ページ (932) で表示できない文字を含んでいます。データの損失を防ぐために、ファイルを Unicode 形式で保存してください。
  (ソース ファイル 'Source/PlayScene.cpp' をコンパイルしています)
  
C:\DxLib_VC\プロジェクトに追加すべきファイル_VC用\DxLib.h(1106,1): warning C4819: ファイルは、現在のコード ページ (932) で表示できない文字を含んでいます。データの損失を防ぐために、ファイルを Unicode 形式で保存してください。
  (ソース ファイル 'Source/PlayScene.cpp' をコンパイルしています)
  
C:\DxLib_VC\プロジェクトに追加すべきファイル_VC用\DxLib.h(1610,1): warning C4819: ファイルは、現在のコード ページ (932) で表示できない文字を含んでいます。データの損失を防ぐために、ファイルを Unicode 形式で保存してください。
  (ソース ファイル 'Source/PlayScene.cpp' をコンパイルしています)
  
C:\DxLib_VC\プロジェクトに追加すべきファイル_VC用\DxLib.h(2014,1): warning C4819: ファイルは、現在のコード ページ (932) で表示できない文字を含んでいます。データの損失を防ぐために、ファイルを Unicode 形式で保存してください。
  (ソース ファイル 'Source/PlayScene.cpp' をコンパイルしています)
  
C:\DxLib_VC\プロジェクトに追加すべきファイル_VC用\DxLib.h(2241,1): warning C4819: ファイルは、現在のコード ページ (932) で表示できない文字を含んでいます。データの損失を防ぐために、ファイルを Unicode 形式で保存してください。
  (ソース ファイル 'Source/PlayScene.cpp' をコンパイルしています)
  
C:\DxLib_VC\プロジェクトに追加すべきファイル_VC用\DxLib.h(2384,1): warning C4819: ファイルは、現在のコード ページ (932) で表示できない文字を含んでいます。データの損失を防ぐために、ファイルを Unicode 形式で保存してください。
  (ソース ファイル 'Source/PlayScene.cpp' をコンパイルしています)
  
C:\DxLib_VC\プロジェクトに追加すべきファイル_VC用\DxLib.h(2557,1): warning C4819: ファイルは、現在のコード ページ (932) で表示できない文字を含んでいます。データの損失を防ぐために、ファイルを Unicode 形式で保存してください。
  (ソース ファイル 'Source/PlayScene.cpp' をコンパイルしています)
  
C:\DxLib_VC\プロジェクトに追加すべきファイル_VC用\DxLib.h(2702,1): warning C4819: ファイルは、現在のコード ページ (932) で表示できない文字を含んでいます。データの損失を防ぐために、ファイルを Unicode 形式で保存してください。
  (ソース ファイル 'Source/PlayScene.cpp' をコンパイルしています)
  
C:\DxLib_VC\プロジェクトに追加すべきファイル_VC用\DxLib.h(2788,1): warning C4819: ファイルは、現在のコード ページ (932) で表示できない文字を含んでいます。データの損失を防ぐために、ファイルを Unicode 形式で保存してください。
  (ソース ファイル 'Source/PlayScene.cpp' をコンパイルしています)
  
C:\DxLib_VC\プロジェクトに追加すべきファイル_VC用\DxLib.h(2891,1): warning C4819: ファイルは、現在のコード ページ (932) で表示できない文字を含んでいます。データの損失を防ぐために、ファイルを Unicode 形式で保存してください。
  (ソース ファイル 'Source/PlayScene.cpp' をコンパイルしています)
  
C:\DxLib_VC\プロジェクトに追加すべきファイル_VC用\DxLib.h(2991,1): warning C4819: ファイルは、現在のコード ページ (932) で表示できない文字を含んでいます。データの損失を防ぐために、ファイルを Unicode 形式で保存してください。
  (ソース ファイル 'Source/PlayScene.cpp' をコンパイルしています)
  
C:\DxLib_VC\プロジェクトに追加すべきファイル_VC用\DxLib.h(3120,1): warning C4819: ファイルは、現在のコード ページ (932) で表示できない文字を含んでいます。データの損失を防ぐために、ファイルを Unicode 形式で保存してください。
  (ソース ファイル 'Source/PlayScene.cpp' をコンパイルしています)
  
C:\DxLib_VC\プロジェクトに追加すべきファイル_VC用\DxLib.h(3264,1): warning C4819: ファイルは、現在のコード ページ (932) で表示できない文字を含んでいます。データの損失を防ぐために、ファイルを Unicode 形式で保存してください。
  (ソース ファイル 'Source/PlayScene.cpp' をコンパイルしています)
  
C:\DxLib_VC\プロジェクトに追加すべきファイル_VC用\DxLib.h(3382,1): warning C4819: ファイルは、現在のコード ページ (932) で表示できない文字を含んでいます。データの損失を防ぐために、ファイルを Unicode 形式で保存してください。
  (ソース ファイル 'Source/PlayScene.cpp' をコンパイルしています)
  
C:\DxLib_VC\プロジェクトに追加すべきファイル_VC用\DxLib.h(3516,1): warning C4819: ファイルは、現在のコード ページ (932) で表示できない文字を含んでいます。データの損失を防ぐために、ファイルを Unicode 形式で保存してください。
  (ソース ファイル 'Source/PlayScene.cpp' をコンパイルしています)
  
C:\DxLib_VC\プロジェクトに追加すべきファイル_VC用\DxLib.h(3698,1): warning C4819: ファイルは、現在のコード ページ (932) で表示できない文字を含んでいます。データの損失を防ぐために、ファイルを Unicode 形式で保存してください。
  (ソース ファイル 'Source/PlayScene.cpp' をコンパイルしています)
  
C:\DxLib_VC\プロジェクトに追加すべきファイル_VC用\DxLib.h(3803,1): warning C4819: ファイルは、現在のコード ページ (932) で表示できない文字を含んでいます。データの損失を防ぐために、ファイルを Unicode 形式で保存してください。
  (ソース ファイル 'Source/PlayScene.cpp' をコンパイルしています)
  
C:\DxLib_VC\プロジェクトに追加すべきファイル_VC用\DxLib.h(3882,1): warning C4819: ファイルは、現在のコード ページ (932) で表示できない文字を含んでいます。データの損失を防ぐために、ファイルを Unicode 形式で保存してください。
  (ソース ファイル 'Source/PlayScene.cpp' をコンパイルしています)
  
C:\DxLib_VC\プロジェクトに追加すべきファイル_VC用\DxLib.h(3984,1): warning C4819: ファイルは、現在のコード ページ (932) で表示できない文字を含んでいます。データの損失を防ぐために、ファイルを Unicode 形式で保存してください。
  (ソース ファイル 'Source/PlayScene.cpp' をコンパイルしています)
  
C:\DxLib_VC\プロジェクトに追加すべきファイル_VC用\DxLib.h(4114,1): warning C4819: ファイルは、現在のコード ページ (932) で表示できない文字を含んでいます。データの損失を防ぐために、ファイルを Unicode 形式で保存してください。
  (ソース ファイル 'Source/PlayScene.cpp' をコンパイルしています)
  
C:\DxLib_VC\プロジェクトに追加すべきファイル_VC用\DxLib.h(4608,1): warning C4819: ファイルは、現在のコード ページ (932) で表示できない文字を含んでいます。データの損失を防ぐために、ファイルを Unicode 形式で保存してください。
  (ソース ファイル 'Source/PlayScene.cpp' をコンパイルしています)
  
C:\DxLib_VC\プロジェクトに追加すべきファイル_VC用\DxLib.h(4761,1): warning C4819: ファイルは、現在のコード ページ (932) で表示できない文字を含んでいます。データの損失を防ぐために、ファイルを Unicode 形式で保存してください。
  (ソース ファイル 'Source/PlayScene.cpp' をコンパイルしています)
  
C:\DxLib_VC\プロジェクトに追加すべきファイル_VC用\DxLib.h(4905,1): warning C4819: ファイルは、現在のコード ページ (932) で表示できない文字を含んでいます。データの損失を防ぐために、ファイルを Unicode 形式で保存してください。
  (ソース ファイル 'Source/PlayScene.cpp' をコンパイルしています)
  
C:\DxLib_VC\プロジェクトに追加すべきファイル_VC用\DxLib.h(5043,1): warning C4819: ファイルは、現在のコード ページ (932) で表示できない文字を含んでいます。データの損失を防ぐために、ファイルを Unicode 形式で保存してください。
  (ソース ファイル 'Source/PlayScene.cpp' をコンパイルしています)
  
C:\DxLib_VC\プロジェクトに追加すべきファイル_VC用\DxLib.h(5190,1): warning C4819: ファイルは、現在のコード ページ (932) で表示できない文字を含んでいます。データの損失を防ぐために、ファイルを Unicode 形式で保存してください。
  (ソース ファイル 'Source/PlayScene.cpp' をコンパイルしています)
  
C:\DxLib_VC\プロジェクトに追加すべきファイル_VC用\DxLib.h(5323,1): warning C4819: ファイルは、現在のコード ページ (932) で表示できない文字を含んでいます。データの損失を防ぐために、ファイルを Unicode 形式で保存してください。
  (ソース ファイル 'Source/PlayScene.cpp' をコンパイルしています)
  
C:\DxLib_VC\プロジェクトに追加すべきファイル_VC用\DxLib.h(5438,1): warning C4819: ファイルは、現在のコード ページ (932) で表示できない文字を含んでいます。データの損失を防ぐために、ファイルを Unicode 形式で保存してください。
  (ソース ファイル 'Source/PlayScene.cpp' をコンパイルしています)
  
C:\DxLib_VC\プロジェクトに追加すべきファイル_VC用\DxLib.h(5605,1): warning C4819: ファイルは、現在のコード ページ (932) で表示できない文字を含んでいます。データの損失を防ぐために、ファイルを Unicode 形式で保存してください。
  (ソース ファイル 'Source/PlayScene.cpp' をコンパイルしています)
  
C:\Program Files\Microsoft Visual Studio\2022\Community\VC\Tools\MSVC\14.44.35207\include\format(42): warning STL4038: The contents of <format> are available only with C++20 or later.
  ResultCheck.cpp
C:\DxLib_VC\プロジェクトに追加すべきファイル_VC用\DxLib.h(1,1): warning C4819: ファイルは、現在のコード ページ (932) で表示できない文字を含んでいます。データの損失を防ぐために、ファイルを Unicode 形式で保存してください。
  (ソース ファイル 'Source/ResultCheck.cpp' をコンパイルしています)
  
C:\DxLib_VC\プロジェクトに追加すべきファイル_VC用\DxLib.h(349,1): warning C4819: ファイルは、現在のコード ページ (932) で表示できない文字を含んでいます。データの損失を防ぐために、ファイルを Unicode 形式で保存してください。
  (ソース ファイル 'Source/ResultCheck.cpp' をコンパイルしています)
  
C:\DxLib_VC\プロジェクトに追加すべきファイル_VC用\DxLib.h(708,1): warning C4819: ファイルは、現在のコード ページ (932) で表示できない文字を含んでいます。データの損失を防ぐために、ファイルを Unicode 形式で保存してください。
  (ソース ファイル 'Source/ResultCheck.cpp' をコンパイルしています)
  
C:\DxLib_VC\プロジェクトに追加すべきファイル_VC用\DxLib.h(1106,1): warning C4819: ファイルは、現在のコード ページ (932) で表示できない文字を含んでいます。データの損失を防ぐために、ファイルを Unicode 形式で保存してください。
  (ソース ファイル 'Source/ResultCheck.cpp' をコンパイルしています)
  
C:\DxLib_VC\プロジェクトに追加すべきファイル_VC用\DxLib.h(1610,1): warning C4819: ファイルは、現在のコード ページ (932) で表示できない文字を含んでいます。データの損失を防ぐために、ファイルを Unicode 形式で保存してください。
  (ソース ファイル 'Source/ResultCheck.cpp' をコンパイルしています)
  
C:\DxLib_VC\プロジェクトに追加すべきファイル_VC用\DxLib.h(2014,1): warning C4819: ファイルは、現在のコード ページ (932) で表示できない文字を含んでいます。データの損失を防ぐために、ファイルを Unicode 形式で保存してください。
  (ソース ファイル 'Source/ResultCheck.cpp' をコンパイルしています)
  
C:\DxLib_VC\プロジェクトに追加すべきファイル_VC用\DxLib.h(2241,1): warning C4819: ファイルは、現在のコード ページ (932) で表示できない文字を含んでいます。データの損失を防ぐために、ファイルを Unicode 形式で保存してください。
  (ソース ファイル 'Source/ResultCheck.cpp' をコンパイルしています)
  
C:\DxLib_VC\プロジェクトに追加すべきファイル_VC用\DxLib.h(2384,1): warning C4819: ファイルは、現在のコード ページ (932) で表示できない文字を含んでいます。データの損失を防ぐために、ファイルを Unicode 形式で保存してください。
  (ソース ファイル 'Source/ResultCheck.cpp' をコンパイルしています)
  
C:\DxLib_VC\プロジェクトに追加すべきファイル_VC用\DxLib.h(2557,1): warning C4819: ファイルは、現在のコード ページ (932) で表示できない文字を含んでいます。データの損失を防ぐために、ファイルを Unicode 形式で保存してください。
  (ソース ファイル 'Source/ResultCheck.cpp' をコンパイルしています)
  
C:\DxLib_VC\プロジェクトに追加すべきファイル_VC用\DxLib.h(2702,1): warning C4819: ファイルは、現在のコード ページ (932) で表示できない文字を含んでいます。データの損失を防ぐために、ファイルを Unicode 形式で保存してください。
  (ソース ファイル 'Source/ResultCheck.cpp' をコンパイルしています)
  
C:\DxLib_VC\プロジェクトに追加すべきファイル_VC用\DxLib.h(2788,1): warning C4819: ファイルは、現在のコード ページ (932) で表示できない文字を含んでいます。データの損失を防ぐために、ファイルを Unicode 形式で保存してください。
  (ソース ファイル 'Source/ResultCheck.cpp' をコンパイルしています)
  
C:\DxLib_VC\プロジェクトに追加すべきファイル_VC用\DxLib.h(2891,1): warning C4819: ファイルは、現在のコード ページ (932) で表示できない文字を含んでいます。データの損失を防ぐために、ファイルを Unicode 形式で保存してください。
  (ソース ファイル 'Source/ResultCheck.cpp' をコンパイルしています)
  
C:\DxLib_VC\プロジェクトに追加すべきファイル_VC用\DxLib.h(2991,1): warning C4819: ファイルは、現在のコード ページ (932) で表示できない文字を含んでいます。データの損失を防ぐために、ファイルを Unicode 形式で保存してください。
  (ソース ファイル 'Source/ResultCheck.cpp' をコンパイルしています)
  
C:\DxLib_VC\プロジェクトに追加すべきファイル_VC用\DxLib.h(3120,1): warning C4819: ファイルは、現在のコード ページ (932) で表示できない文字を含んでいます。データの損失を防ぐために、ファイルを Unicode 形式で保存してください。
  (ソース ファイル 'Source/ResultCheck.cpp' をコンパイルしています)
  
C:\DxLib_VC\プロジェクトに追加すべきファイル_VC用\DxLib.h(3264,1): warning C4819: ファイルは、現在のコード ページ (932) で表示できない文字を含んでいます。データの損失を防ぐために、ファイルを Unicode 形式で保存してください。
  (ソース ファイル 'Source/ResultCheck.cpp' をコンパイルしています)
  
C:\DxLib_VC\プロジェクトに追加すべきファイル_VC用\DxLib.h(3382,1): warning C4819: ファイルは、現在のコード ページ (932) で表示できない文字を含んでいます。データの損失を防ぐために、ファイルを Unicode 形式で保存してください。
  (ソース ファイル 'Source/ResultCheck.cpp' をコンパイルしています)
  
C:\DxLib_VC\プロジェクトに追加すべきファイル_VC用\DxLib.h(3516,1): warning C4819: ファイルは、現在のコード ページ (932) で表示できない文字を含んでいます。データの損失を防ぐために、ファイルを Unicode 形式で保存してください。
  (ソース ファイル 'Source/ResultCheck.cpp' をコンパイルしています)
  
C:\DxLib_VC\プロジェクトに追加すべきファイル_VC用\DxLib.h(3698,1): warning C4819: ファイルは、現在のコード ページ (932) で表示できない文字を含んでいます。データの損失を防ぐために、ファイルを Unicode 形式で保存してください。
  (ソース ファイル 'Source/ResultCheck.cpp' をコンパイルしています)
  
C:\DxLib_VC\プロジェクトに追加すべきファイル_VC用\DxLib.h(3803,1): warning C4819: ファイルは、現在のコード ページ (932) で表示できない文字を含んでいます。データの損失を防ぐために、ファイルを Unicode 形式で保存してください。
  (ソース ファイル 'Source/ResultCheck.cpp' をコンパイルしています)
  
C:\DxLib_VC\プロジェクトに追加すべきファイル_VC用\DxLib.h(3882,1): warning C4819: ファイルは、現在のコード ページ (932) で表示できない文字を含んでいます。データの損失を防ぐために、ファイルを Unicode 形式で保存してください。
  (ソース ファイル 'Source/ResultCheck.cpp' をコンパイルしています)
  
C:\DxLib_VC\プロジェクトに追加すべきファイル_VC用\DxLib.h(3984,1): warning C4819: ファイルは、現在のコード ページ (932) で表示できない文字を含んでいます。データの損失を防ぐために、ファイルを Unicode 形式で保存してください。
  (ソース ファイル 'Source/ResultCheck.cpp' をコンパイルしています)
  
C:\DxLib_VC\プロジェクトに追加すべきファイル_VC用\DxLib.h(4114,1): warning C4819: ファイルは、現在のコード ページ (932) で表示できない文字を含んでいます。データの損失を防ぐために、ファイルを Unicode 形式で保存してください。
  (ソース ファイル 'Source/ResultCheck.cpp' をコンパイルしています)
  
C:\DxLib_VC\プロジェクトに追加すべきファイル_VC用\DxLib.h(4608,1): warning C4819: ファイルは、現在のコード ページ (932) で表示できない文字を含んでいます。データの損失を防ぐために、ファイルを Unicode 形式で保存してください。
  (ソース ファイル 'Source/ResultCheck.cpp' をコンパイルしています)
  
C:\DxLib_VC\プロジェクトに追加すべきファイル_VC用\DxLib.h(4761,1): warning C4819: ファイルは、現在のコード ページ (932) で表示できない文字を含んでいます。データの損失を防ぐために、ファイルを Unicode 形式で保存してください。
  (ソース ファイル 'Source/ResultCheck.cpp' をコンパイルしています)
  
C:\DxLib_VC\プロジェクトに追加すべきファイル_VC用\DxLib.h(4905,1): warning C4819: ファイルは、現在のコード ページ (932) で表示できない文字を含んでいます。データの損失を防ぐために、ファイルを Unicode 形式で保存してください。
  (ソース ファイル 'Source/ResultCheck.cpp' をコンパイルしています)
  
C:\DxLib_VC\プロジェクトに追加すべきファイル_VC用\DxLib.h(5043,1): warning C4819: ファイルは、現在のコード ページ (932) で表示できない文字を含んでいます。データの損失を防ぐために、ファイルを Unicode 形式で保存してください。
  (ソース ファイル 'Source/ResultCheck.cpp' をコンパイルしています)
  
C:\DxLib_VC\プロジェクトに追加すべきファイル_VC用\DxLib.h(5190,1): warning C4819: ファイルは、現在のコード ページ (932) で表示できない文字を含んでいます。データの損失を防ぐために、ファイルを Unicode 形式で保存してください。
  (ソース ファイル 'Source/ResultCheck.cpp' をコンパイルしています)
  
C:\DxLib_VC\プロジェクトに追加すべきファイル_VC用\DxLib.h(5323,1): warning C4819: ファイルは、現在のコード ページ (932) で表示できない文字を含んでいます。データの損失を防ぐために、ファイルを Unicode 形式で保存してください。
  (ソース ファイル 'Source/ResultCheck.cpp' をコンパイルしています)
  
C:\DxLib_VC\プロジェクトに追加すべきファイル_VC用\DxLib.h(5438,1): warning C4819: ファイルは、現在のコード ページ (932) で表示できない文字を含んでいます。データの損失を防ぐために、ファイルを Unicode 形式で保存してください。
  (ソース ファイル 'Source/ResultCheck.cpp' をコンパイルしています)
  
C:\DxLib_VC\プロジェクトに追加すべきファイル_VC用\DxLib.h(5605,1): warning C4819: ファイルは、現在のコード ページ (932) で表示できない文字を含んでいます。データの損失を防ぐために、ファイルを Unicode 形式で保存してください。
  (ソース ファイル 'Source/ResultCheck.cpp' をコンパイルしています)
  
C:\Program Files\Microsoft Visual Studio\2022\Community\VC\Tools\MSVC\14.44.35207\include\format(42): warning STL4038: The contents of <format> are available only with C++20 or later.
  ResultCSVManager.cpp
  ResultScene.cpp
C:\DxLib_VC\プロジェクトに追加すべきファイル_VC用\DxLib.h(1,1): warning C4819: ファイルは、現在のコード ページ (932) で表示できない文字を含んでいます。データの損失を防ぐために、ファイルを Unicode 形式で保存してください。
  (ソース ファイル 'Source/ResultScene.cpp' をコンパイルしています)
  
C:\DxLib_VC\プロジェクトに追加すべきファイル_VC用\DxLib.h(349,1): warning C4819: ファイルは、現在のコード ページ (932) で表示できない文字を含んでいます。データの損失を防ぐために、ファイルを Unicode 形式で保存してください。
  (ソース ファイル 'Source/ResultScene.cpp' をコンパイルしています)
  
C:\DxLib_VC\プロジェクトに追加すべきファイル_VC用\DxLib.h(708,1): warning C4819: ファイルは、現在のコード ページ (932) で表示できない文字を含んでいます。データの損失を防ぐために、ファイルを Unicode 形式で保存してください。
  (ソース ファイル 'Source/ResultScene.cpp' をコンパイルしています)
  
C:\DxLib_VC\プロジェクトに追加すべきファイル_VC用\DxLib.h(1106,1): warning C4819: ファイルは、現在のコード ページ (932) で表示できない文字を含んでいます。データの損失を防ぐために、ファイルを Unicode 形式で保存してください。
  (ソース ファイル 'Source/ResultScene.cpp' をコンパイルしています)
  
C:\DxLib_VC\プロジェクトに追加すべきファイル_VC用\DxLib.h(1610,1): warning C4819: ファイルは、現在のコード ページ (932) で表示できない文字を含んでいます。データの損失を防ぐために、ファイルを Unicode 形式で保存してください。
  (ソース ファイル 'Source/ResultScene.cpp' をコンパイルしています)
  
C:\DxLib_VC\プロジェクトに追加すべきファイル_VC用\DxLib.h(2014,1): warning C4819: ファイルは、現在のコード ページ (932) で表示できない文字を含んでいます。データの損失を防ぐために、ファイルを Unicode 形式で保存してください。
  (ソース ファイル 'Source/ResultScene.cpp' をコンパイルしています)
  
C:\DxLib_VC\プロジェクトに追加すべきファイル_VC用\DxLib.h(2241,1): warning C4819: ファイルは、現在のコード ページ (932) で表示できない文字を含んでいます。データの損失を防ぐために、ファイルを Unicode 形式で保存してください。
  (ソース ファイル 'Source/ResultScene.cpp' をコンパイルしています)
  
C:\DxLib_VC\プロジェクトに追加すべきファイル_VC用\DxLib.h(2384,1): warning C4819: ファイルは、現在のコード ページ (932) で表示できない文字を含んでいます。データの損失を防ぐために、ファイルを Unicode 形式で保存してください。
  (ソース ファイル 'Source/ResultScene.cpp' をコンパイルしています)
  
C:\DxLib_VC\プロジェクトに追加すべきファイル_VC用\DxLib.h(2557,1): warning C4819: ファイルは、現在のコード ページ (932) で表示できない文字を含んでいます。データの損失を防ぐために、ファイルを Unicode 形式で保存してください。
  (ソース ファイル 'Source/ResultScene.cpp' をコンパイルしています)
  
C:\DxLib_VC\プロジェクトに追加すべきファイル_VC用\DxLib.h(2702,1): warning C4819: ファイルは、現在のコード ページ (932) で表示できない文字を含んでいます。データの損失を防ぐために、ファイルを Unicode 形式で保存してください。
  (ソース ファイル 'Source/ResultScene.cpp' をコンパイルしています)
  
C:\DxLib_VC\プロジェクトに追加すべきファイル_VC用\DxLib.h(2788,1): warning C4819: ファイルは、現在のコード ページ (932) で表示できない文字を含んでいます。データの損失を防ぐために、ファイルを Unicode 形式で保存してください。
  (ソース ファイル 'Source/ResultScene.cpp' をコンパイルしています)
  
C:\DxLib_VC\プロジェクトに追加すべきファイル_VC用\DxLib.h(2891,1): warning C4819: ファイルは、現在のコード ページ (932) で表示できない文字を含んでいます。データの損失を防ぐために、ファイルを Unicode 形式で保存してください。
  (ソース ファイル 'Source/ResultScene.cpp' をコンパイルしています)
  
C:\DxLib_VC\プロジェクトに追加すべきファイル_VC用\DxLib.h(2991,1): warning C4819: ファイルは、現在のコード ページ (932) で表示できない文字を含んでいます。データの損失を防ぐために、ファイルを Unicode 形式で保存してください。
  (ソース ファイル 'Source/ResultScene.cpp' をコンパイルしています)
  
C:\DxLib_VC\プロジェクトに追加すべきファイル_VC用\DxLib.h(3120,1): warning C4819: ファイルは、現在のコード ページ (932) で表示できない文字を含んでいます。データの損失を防ぐために、ファイルを Unicode 形式で保存してください。
  (ソース ファイル 'Source/ResultScene.cpp' をコンパイルしています)
  
C:\DxLib_VC\プロジェクトに追加すべきファイル_VC用\DxLib.h(3264,1): warning C4819: ファイルは、現在のコード ページ (932) で表示できない文字を含んでいます。データの損失を防ぐために、ファイルを Unicode 形式で保存してください。
  (ソース ファイル 'Source/ResultScene.cpp' をコンパイルしています)
  
C:\DxLib_VC\プロジェクトに追加すべきファイル_VC用\DxLib.h(3382,1): warning C4819: ファイルは、現在のコード ページ (932) で表示できない文字を含んでいます。データの損失を防ぐために、ファイルを Unicode 形式で保存してください。
  (ソース ファイル 'Source/ResultScene.cpp' をコンパイルしています)
  
C:\DxLib_VC\プロジェクトに追加すべきファイル_VC用\DxLib.h(3516,1): warning C4819: ファイルは、現在のコード ページ (932) で表示できない文字を含んでいます。データの損失を防ぐために、ファイルを Unicode 形式で保存してください。
  (ソース ファイル 'Source/ResultScene.cpp' をコンパイルしています)
  
C:\DxLib_VC\プロジェクトに追加すべきファイル_VC用\DxLib.h(3698,1): warning C4819: ファイルは、現在のコード ページ (932) で表示できない文字を含んでいます。データの損失を防ぐために、ファイルを Unicode 形式で保存してください。
  (ソース ファイル 'Source/ResultScene.cpp' をコンパイルしています)
  
C:\DxLib_VC\プロジェクトに追加すべきファイル_VC用\DxLib.h(3803,1): warning C4819: ファイルは、現在のコード ページ (932) で表示できない文字を含んでいます。データの損失を防ぐために、ファイルを Unicode 形式で保存してください。
  (ソース ファイル 'Source/ResultScene.cpp' をコンパイルしています)
  
C:\DxLib_VC\プロジェクトに追加すべきファイル_VC用\DxLib.h(3882,1): warning C4819: ファイルは、現在のコード ページ (932) で表示できない文字を含んでいます。データの損失を防ぐために、ファイルを Unicode 形式で保存してください。
  (ソース ファイル 'Source/ResultScene.cpp' をコンパイルしています)
  
C:\DxLib_VC\プロジェクトに追加すべきファイル_VC用\DxLib.h(3984,1): warning C4819: ファイルは、現在のコード ページ (932) で表示できない文字を含んでいます。データの損失を防ぐために、ファイルを Unicode 形式で保存してください。
  (ソース ファイル 'Source/ResultScene.cpp' をコンパイルしています)
  
C:\DxLib_VC\プロジェクトに追加すべきファイル_VC用\DxLib.h(4114,1): warning C4819: ファイルは、現在のコード ページ (932) で表示できない文字を含んでいます。データの損失を防ぐために、ファイルを Unicode 形式で保存してください。
  (ソース ファイル 'Source/ResultScene.cpp' をコンパイルしています)
  
C:\DxLib_VC\プロジェクトに追加すべきファイル_VC用\DxLib.h(4608,1): warning C4819: ファイルは、現在のコード ページ (932) で表示できない文字を含んでいます。データの損失を防ぐために、ファイルを Unicode 形式で保存してください。
  (ソース ファイル 'Source/ResultScene.cpp' をコンパイルしています)
  
C:\DxLib_VC\プロジェクトに追加すべきファイル_VC用\DxLib.h(4761,1): warning C4819: ファイルは、現在のコード ページ (932) で表示できない文字を含んでいます。データの損失を防ぐために、ファイルを Unicode 形式で保存してください。
  (ソース ファイル 'Source/ResultScene.cpp' をコンパイルしています)
  
C:\DxLib_VC\プロジェクトに追加すべきファイル_VC用\DxLib.h(4905,1): warning C4819: ファイルは、現在のコード ページ (932) で表示できない文字を含んでいます。データの損失を防ぐために、ファイルを Unicode 形式で保存してください。
  (ソース ファイル 'Source/ResultScene.cpp' をコンパイルしています)
  
C:\DxLib_VC\プロジェクトに追加すべきファイル_VC用\DxLib.h(5043,1): warning C4819: ファイルは、現在のコード ページ (932) で表示できない文字を含んでいます。データの損失を防ぐために、ファイルを Unicode 形式で保存してください。
  (ソース ファイル 'Source/ResultScene.cpp' をコンパイルしています)
  
C:\DxLib_VC\プロジェクトに追加すべきファイル_VC用\DxLib.h(5190,1): warning C4819: ファイルは、現在のコード ページ (932) で表示できない文字を含んでいます。データの損失を防ぐために、ファイルを Unicode 形式で保存してください。
  (ソース ファイル 'Source/ResultScene.cpp' をコンパイルしています)
  
C:\DxLib_VC\プロジェクトに追加すべきファイル_VC用\DxLib.h(5323,1): warning C4819: ファイルは、現在のコード ページ (932) で表示できない文字を含んでいます。データの損失を防ぐために、ファイルを Unicode 形式で保存してください。
  (ソース ファイル 'Source/ResultScene.cpp' をコンパイルしています)
  
C:\DxLib_VC\プロジェクトに追加すべきファイル_VC用\DxLib.h(5438,1): warning C4819: ファイルは、現在のコード ページ (932) で表示できない文字を含んでいます。データの損失を防ぐために、ファイルを Unicode 形式で保存してください。
  (ソース ファイル 'Source/ResultScene.cpp' をコンパイルしています)
  
C:\DxLib_VC\プロジェクトに追加すべきファイル_VC用\DxLib.h(5605,1): warning C4819: ファイルは、現在のコード ページ (932) で表示できない文字を含んでいます。データの損失を防ぐために、ファイルを Unicode 形式で保存してください。
  (ソース ファイル 'Source/ResultScene.cpp' をコンパイルしています)
  
C:\Program Files\Microsoft Visual Studio\2022\Community\VC\Tools\MSVC\14.44.35207\include\format(42): warning STL4038: The contents of <format> are available only with C++20 or later.
  SceneFactory.cpp
C:\DxLib_VC\プロジェクトに追加すべきファイル_VC用\DxLib.h(1,1): warning C4819: ファイルは、現在のコード ページ (932) で表示できない文字を含んでいます。データの損失を防ぐために、ファイルを Unicode 形式で保存してください。
  (ソース ファイル 'Source/SceneFactory.cpp' をコンパイルしています)
  
C:\DxLib_VC\プロジェクトに追加すべきファイル_VC用\DxLib.h(349,1): warning C4819: ファイルは、現在のコード ページ (932) で表示できない文字を含んでいます。データの損失を防ぐために、ファイルを Unicode 形式で保存してください。
  (ソース ファイル 'Source/SceneFactory.cpp' をコンパイルしています)
  
C:\DxLib_VC\プロジェクトに追加すべきファイル_VC用\DxLib.h(708,1): warning C4819: ファイルは、現在のコード ページ (932) で表示できない文字を含んでいます。データの損失を防ぐために、ファイルを Unicode 形式で保存してください。
  (ソース ファイル 'Source/SceneFactory.cpp' をコンパイルしています)
  
C:\DxLib_VC\プロジェクトに追加すべきファイル_VC用\DxLib.h(1106,1): warning C4819: ファイルは、現在のコード ページ (932) で表示できない文字を含んでいます。データの損失を防ぐために、ファイルを Unicode 形式で保存してください。
  (ソース ファイル 'Source/SceneFactory.cpp' をコンパイルしています)
  
C:\DxLib_VC\プロジェクトに追加すべきファイル_VC用\DxLib.h(1610,1): warning C4819: ファイルは、現在のコード ページ (932) で表示できない文字を含んでいます。データの損失を防ぐために、ファイルを Unicode 形式で保存してください。
  (ソース ファイル 'Source/SceneFactory.cpp' をコンパイルしています)
  
C:\DxLib_VC\プロジェクトに追加すべきファイル_VC用\DxLib.h(2014,1): warning C4819: ファイルは、現在のコード ページ (932) で表示できない文字を含んでいます。データの損失を防ぐために、ファイルを Unicode 形式で保存してください。
  (ソース ファイル 'Source/SceneFactory.cpp' をコンパイルしています)
  
C:\DxLib_VC\プロジェクトに追加すべきファイル_VC用\DxLib.h(2241,1): warning C4819: ファイルは、現在のコード ページ (932) で表示できない文字を含んでいます。データの損失を防ぐために、ファイルを Unicode 形式で保存してください。
  (ソース ファイル 'Source/SceneFactory.cpp' をコンパイルしています)
  
C:\DxLib_VC\プロジェクトに追加すべきファイル_VC用\DxLib.h(2384,1): warning C4819: ファイルは、現在のコード ページ (932) で表示できない文字を含んでいます。データの損失を防ぐために、ファイルを Unicode 形式で保存してください。
  (ソース ファイル 'Source/SceneFactory.cpp' をコンパイルしています)
  
C:\DxLib_VC\プロジェクトに追加すべきファイル_VC用\DxLib.h(2557,1): warning C4819: ファイルは、現在のコード ページ (932) で表示できない文字を含んでいます。データの損失を防ぐために、ファイルを Unicode 形式で保存してください。
  (ソース ファイル 'Source/SceneFactory.cpp' をコンパイルしています)
  
C:\DxLib_VC\プロジェクトに追加すべきファイル_VC用\DxLib.h(2702,1): warning C4819: ファイルは、現在のコード ページ (932) で表示できない文字を含んでいます。データの損失を防ぐために、ファイルを Unicode 形式で保存してください。
  (ソース ファイル 'Source/SceneFactory.cpp' をコンパイルしています)
  
C:\DxLib_VC\プロジェクトに追加すべきファイル_VC用\DxLib.h(2788,1): warning C4819: ファイルは、現在のコード ページ (932) で表示できない文字を含んでいます。データの損失を防ぐために、ファイルを Unicode 形式で保存してください。
  (ソース ファイル 'Source/SceneFactory.cpp' をコンパイルしています)
  
C:\DxLib_VC\プロジェクトに追加すべきファイル_VC用\DxLib.h(2891,1): warning C4819: ファイルは、現在のコード ページ (932) で表示できない文字を含んでいます。データの損失を防ぐために、ファイルを Unicode 形式で保存してください。
  (ソース ファイル 'Source/SceneFactory.cpp' をコンパイルしています)
  
C:\DxLib_VC\プロジェクトに追加すべきファイル_VC用\DxLib.h(2991,1): warning C4819: ファイルは、現在のコード ページ (932) で表示できない文字を含んでいます。データの損失を防ぐために、ファイルを Unicode 形式で保存してください。
  (ソース ファイル 'Source/SceneFactory.cpp' をコンパイルしています)
  
C:\DxLib_VC\プロジェクトに追加すべきファイル_VC用\DxLib.h(3120,1): warning C4819: ファイルは、現在のコード ページ (932) で表示できない文字を含んでいます。データの損失を防ぐために、ファイルを Unicode 形式で保存してください。
  (ソース ファイル 'Source/SceneFactory.cpp' をコンパイルしています)
  
C:\DxLib_VC\プロジェクトに追加すべきファイル_VC用\DxLib.h(3264,1): warning C4819: ファイルは、現在のコード ページ (932) で表示できない文字を含んでいます。データの損失を防ぐために、ファイルを Unicode 形式で保存してください。
  (ソース ファイル 'Source/SceneFactory.cpp' をコンパイルしています)
  
C:\DxLib_VC\プロジェクトに追加すべきファイル_VC用\DxLib.h(3382,1): warning C4819: ファイルは、現在のコード ページ (932) で表示できない文字を含んでいます。データの損失を防ぐために、ファイルを Unicode 形式で保存してください。
  (ソース ファイル 'Source/SceneFactory.cpp' をコンパイルしています)
  
C:\DxLib_VC\プロジェクトに追加すべきファイル_VC用\DxLib.h(3516,1): warning C4819: ファイルは、現在のコード ページ (932) で表示できない文字を含んでいます。データの損失を防ぐために、ファイルを Unicode 形式で保存してください。
  (ソース ファイル 'Source/SceneFactory.cpp' をコンパイルしています)
  
C:\DxLib_VC\プロジェクトに追加すべきファイル_VC用\DxLib.h(3698,1): warning C4819: ファイルは、現在のコード ページ (932) で表示できない文字を含んでいます。データの損失を防ぐために、ファイルを Unicode 形式で保存してください。
  (ソース ファイル 'Source/SceneFactory.cpp' をコンパイルしています)
  
C:\DxLib_VC\プロジェクトに追加すべきファイル_VC用\DxLib.h(3803,1): warning C4819: ファイルは、現在のコード ページ (932) で表示できない文字を含んでいます。データの損失を防ぐために、ファイルを Unicode 形式で保存してください。
  (ソース ファイル 'Source/SceneFactory.cpp' をコンパイルしています)
  
C:\DxLib_VC\プロジェクトに追加すべきファイル_VC用\DxLib.h(3882,1): warning C4819: ファイルは、現在のコード ページ (932) で表示できない文字を含んでいます。データの損失を防ぐために、ファイルを Unicode 形式で保存してください。
  (ソース ファイル 'Source/SceneFactory.cpp' をコンパイルしています)
  
C:\DxLib_VC\プロジェクトに追加すべきファイル_VC用\DxLib.h(3984,1): warning C4819: ファイルは、現在のコード ページ (932) で表示できない文字を含んでいます。データの損失を防ぐために、ファイルを Unicode 形式で保存してください。
  (ソース ファイル 'Source/SceneFactory.cpp' をコンパイルしています)
  
C:\DxLib_VC\プロジェクトに追加すべきファイル_VC用\DxLib.h(4114,1): warning C4819: ファイルは、現在のコード ページ (932) で表示できない文字を含んでいます。データの損失を防ぐために、ファイルを Unicode 形式で保存してください。
  (ソース ファイル 'Source/SceneFactory.cpp' をコンパイルしています)
  
C:\DxLib_VC\プロジェクトに追加すべきファイル_VC用\DxLib.h(4608,1): warning C4819: ファイルは、現在のコード ページ (932) で表示できない文字を含んでいます。データの損失を防ぐために、ファイルを Unicode 形式で保存してください。
  (ソース ファイル 'Source/SceneFactory.cpp' をコンパイルしています)
  
C:\DxLib_VC\プロジェクトに追加すべきファイル_VC用\DxLib.h(4761,1): warning C4819: ファイルは、現在のコード ページ (932) で表示できない文字を含んでいます。データの損失を防ぐために、ファイルを Unicode 形式で保存してください。
  (ソース ファイル 'Source/SceneFactory.cpp' をコンパイルしています)
  
C:\DxLib_VC\プロジェクトに追加すべきファイル_VC用\DxLib.h(4905,1): warning C4819: ファイルは、現在のコード ページ (932) で表示できない文字を含んでいます。データの損失を防ぐために、ファイルを Unicode 形式で保存してください。
  (ソース ファイル 'Source/SceneFactory.cpp' をコンパイルしています)
  
C:\DxLib_VC\プロジェクトに追加すべきファイル_VC用\DxLib.h(5043,1): warning C4819: ファイルは、現在のコード ページ (932) で表示できない文字を含んでいます。データの損失を防ぐために、ファイルを Unicode 形式で保存してください。
  (ソース ファイル 'Source/SceneFactory.cpp' をコンパイルしています)
  
C:\DxLib_VC\プロジェクトに追加すべきファイル_VC用\DxLib.h(5190,1): warning C4819: ファイルは、現在のコード ページ (932) で表示できない文字を含んでいます。データの損失を防ぐために、ファイルを Unicode 形式で保存してください。
  (ソース ファイル 'Source/SceneFactory.cpp' をコンパイルしています)
  
C:\DxLib_VC\プロジェクトに追加すべきファイル_VC用\DxLib.h(5323,1): warning C4819: ファイルは、現在のコード ページ (932) で表示できない文字を含んでいます。データの損失を防ぐために、ファイルを Unicode 形式で保存してください。
  (ソース ファイル 'Source/SceneFactory.cpp' をコンパイルしています)
  
C:\DxLib_VC\プロジェクトに追加すべきファイル_VC用\DxLib.h(5438,1): warning C4819: ファイルは、現在のコード ページ (932) で表示できない文字を含んでいます。データの損失を防ぐために、ファイルを Unicode 形式で保存してください。
  (ソース ファイル 'Source/SceneFactory.cpp' をコンパイルしています)
  
C:\DxLib_VC\プロジェクトに追加すべきファイル_VC用\DxLib.h(5605,1): warning C4819: ファイルは、現在のコード ページ (932) で表示できない文字を含んでいます。データの損失を防ぐために、ファイルを Unicode 形式で保存してください。
  (ソース ファイル 'Source/SceneFactory.cpp' をコンパイルしています)
  
C:\Program Files\Microsoft Visual Studio\2022\Community\VC\Tools\MSVC\14.44.35207\include\format(42): warning STL4038: The contents of <format> are available only with C++20 or later.
  TitleCheck.cpp
C:\DxLib_VC\プロジェクトに追加すべきファイル_VC用\DxLib.h(1,1): warning C4819: ファイルは、現在のコード ページ (932) で表示できない文字を含んでいます。データの損失を防ぐために、ファイルを Unicode 形式で保存してください。
  (ソース ファイル 'Source/TitleCheck.cpp' をコンパイルしています)
  
C:\DxLib_VC\プロジェクトに追加すべきファイル_VC用\DxLib.h(349,1): warning C4819: ファイルは、現在のコード ページ (932) で表示できない文字を含んでいます。データの損失を防ぐために、ファイルを Unicode 形式で保存してください。
  (ソース ファイル 'Source/TitleCheck.cpp' をコンパイルしています)
  
C:\DxLib_VC\プロジェクトに追加すべきファイル_VC用\DxLib.h(708,1): warning C4819: ファイルは、現在のコード ページ (932) で表示できない文字を含んでいます。データの損失を防ぐために、ファイルを Unicode 形式で保存してください。
  (ソース ファイル 'Source/TitleCheck.cpp' をコンパイルしています)
  
C:\DxLib_VC\プロジェクトに追加すべきファイル_VC用\DxLib.h(1106,1): warning C4819: ファイルは、現在のコード ページ (932) で表示できない文字を含んでいます。データの損失を防ぐために、ファイルを Unicode 形式で保存してください。
  (ソース ファイル 'Source/TitleCheck.cpp' をコンパイルしています)
  
C:\DxLib_VC\プロジェクトに追加すべきファイル_VC用\DxLib.h(1610,1): warning C4819: ファイルは、現在のコード ページ (932) で表示できない文字を含んでいます。データの損失を防ぐために、ファイルを Unicode 形式で保存してください。
  (ソース ファイル 'Source/TitleCheck.cpp' をコンパイルしています)
  
C:\DxLib_VC\プロジェクトに追加すべきファイル_VC用\DxLib.h(2014,1): warning C4819: ファイルは、現在のコード ページ (932) で表示できない文字を含んでいます。データの損失を防ぐために、ファイルを Unicode 形式で保存してください。
  (ソース ファイル 'Source/TitleCheck.cpp' をコンパイルしています)
  
C:\DxLib_VC\プロジェクトに追加すべきファイル_VC用\DxLib.h(2241,1): warning C4819: ファイルは、現在のコード ページ (932) で表示できない文字を含んでいます。データの損失を防ぐために、ファイルを Unicode 形式で保存してください。
  (ソース ファイル 'Source/TitleCheck.cpp' をコンパイルしています)
  
C:\DxLib_VC\プロジェクトに追加すべきファイル_VC用\DxLib.h(2384,1): warning C4819: ファイルは、現在のコード ページ (932) で表示できない文字を含んでいます。データの損失を防ぐために、ファイルを Unicode 形式で保存してください。
  (ソース ファイル 'Source/TitleCheck.cpp' をコンパイルしています)
  
C:\DxLib_VC\プロジェクトに追加すべきファイル_VC用\DxLib.h(2557,1): warning C4819: ファイルは、現在のコード ページ (932) で表示できない文字を含んでいます。データの損失を防ぐために、ファイルを Unicode 形式で保存してください。
  (ソース ファイル 'Source/TitleCheck.cpp' をコンパイルしています)
  
C:\DxLib_VC\プロジェクトに追加すべきファイル_VC用\DxLib.h(2702,1): warning C4819: ファイルは、現在のコード ページ (932) で表示できない文字を含んでいます。データの損失を防ぐために、ファイルを Unicode 形式で保存してください。
  (ソース ファイル 'Source/TitleCheck.cpp' をコンパイルしています)
  
C:\DxLib_VC\プロジェクトに追加すべきファイル_VC用\DxLib.h(2788,1): warning C4819: ファイルは、現在のコード ページ (932) で表示できない文字を含んでいます。データの損失を防ぐために、ファイルを Unicode 形式で保存してください。
  (ソース ファイル 'Source/TitleCheck.cpp' をコンパイルしています)
  
C:\DxLib_VC\プロジェクトに追加すべきファイル_VC用\DxLib.h(2891,1): warning C4819: ファイルは、現在のコード ページ (932) で表示できない文字を含んでいます。データの損失を防ぐために、ファイルを Unicode 形式で保存してください。
  (ソース ファイル 'Source/TitleCheck.cpp' をコンパイルしています)
  
C:\DxLib_VC\プロジェクトに追加すべきファイル_VC用\DxLib.h(2991,1): warning C4819: ファイルは、現在のコード ページ (932) で表示できない文字を含んでいます。データの損失を防ぐために、ファイルを Unicode 形式で保存してください。
  (ソース ファイル 'Source/TitleCheck.cpp' をコンパイルしています)
  
C:\DxLib_VC\プロジェクトに追加すべきファイル_VC用\DxLib.h(3120,1): warning C4819: ファイルは、現在のコード ページ (932) で表示できない文字を含んでいます。データの損失を防ぐために、ファイルを Unicode 形式で保存してください。
  (ソース ファイル 'Source/TitleCheck.cpp' をコンパイルしています)
  
C:\DxLib_VC\プロジェクトに追加すべきファイル_VC用\DxLib.h(3264,1): warning C4819: ファイルは、現在のコード ページ (932) で表示できない文字を含んでいます。データの損失を防ぐために、ファイルを Unicode 形式で保存してください。
  (ソース ファイル 'Source/TitleCheck.cpp' をコンパイルしています)
  
C:\DxLib_VC\プロジェクトに追加すべきファイル_VC用\DxLib.h(3382,1): warning C4819: ファイルは、現在のコード ページ (932) で表示できない文字を含んでいます。データの損失を防ぐために、ファイルを Unicode 形式で保存してください。
  (ソース ファイル 'Source/TitleCheck.cpp' をコンパイルしています)
  
C:\DxLib_VC\プロジェクトに追加すべきファイル_VC用\DxLib.h(3516,1): warning C4819: ファイルは、現在のコード ページ (932) で表示できない文字を含んでいます。データの損失を防ぐために、ファイルを Unicode 形式で保存してください。
  (ソース ファイル 'Source/TitleCheck.cpp' をコンパイルしています)
  
C:\DxLib_VC\プロジェクトに追加すべきファイル_VC用\DxLib.h(3698,1): warning C4819: ファイルは、現在のコード ページ (932) で表示できない文字を含んでいます。データの損失を防ぐために、ファイルを Unicode 形式で保存してください。
  (ソース ファイル 'Source/TitleCheck.cpp' をコンパイルしています)
  
C:\DxLib_VC\プロジェクトに追加すべきファイル_VC用\DxLib.h(3803,1): warning C4819: ファイルは、現在のコード ページ (932) で表示できない文字を含んでいます。データの損失を防ぐために、ファイルを Unicode 形式で保存してください。
  (ソース ファイル 'Source/TitleCheck.cpp' をコンパイルしています)
  
C:\DxLib_VC\プロジェクトに追加すべきファイル_VC用\DxLib.h(3882,1): warning C4819: ファイルは、現在のコード ページ (932) で表示できない文字を含んでいます。データの損失を防ぐために、ファイルを Unicode 形式で保存してください。
  (ソース ファイル 'Source/TitleCheck.cpp' をコンパイルしています)
  
C:\DxLib_VC\プロジェクトに追加すべきファイル_VC用\DxLib.h(3984,1): warning C4819: ファイルは、現在のコード ページ (932) で表示できない文字を含んでいます。データの損失を防ぐために、ファイルを Unicode 形式で保存してください。
  (ソース ファイル 'Source/TitleCheck.cpp' をコンパイルしています)
  
C:\DxLib_VC\プロジェクトに追加すべきファイル_VC用\DxLib.h(4114,1): warning C4819: ファイルは、現在のコード ページ (932) で表示できない文字を含んでいます。データの損失を防ぐために、ファイルを Unicode 形式で保存してください。
  (ソース ファイル 'Source/TitleCheck.cpp' をコンパイルしています)
  
C:\DxLib_VC\プロジェクトに追加すべきファイル_VC用\DxLib.h(4608,1): warning C4819: ファイルは、現在のコード ページ (932) で表示できない文字を含んでいます。データの損失を防ぐために、ファイルを Unicode 形式で保存してください。
  (ソース ファイル 'Source/TitleCheck.cpp' をコンパイルしています)
  
C:\DxLib_VC\プロジェクトに追加すべきファイル_VC用\DxLib.h(4761,1): warning C4819: ファイルは、現在のコード ページ (932) で表示できない文字を含んでいます。データの損失を防ぐために、ファイルを Unicode 形式で保存してください。
  (ソース ファイル 'Source/TitleCheck.cpp' をコンパイルしています)
  
C:\DxLib_VC\プロジェクトに追加すべきファイル_VC用\DxLib.h(4905,1): warning C4819: ファイルは、現在のコード ページ (932) で表示できない文字を含んでいます。データの損失を防ぐために、ファイルを Unicode 形式で保存してください。
  (ソース ファイル 'Source/TitleCheck.cpp' をコンパイルしています)
  
C:\DxLib_VC\プロジェクトに追加すべきファイル_VC用\DxLib.h(5043,1): warning C4819: ファイルは、現在のコード ページ (932) で表示できない文字を含んでいます。データの損失を防ぐために、ファイルを Unicode 形式で保存してください。
  (ソース ファイル 'Source/TitleCheck.cpp' をコンパイルしています)
  
C:\DxLib_VC\プロジェクトに追加すべきファイル_VC用\DxLib.h(5190,1): warning C4819: ファイルは、現在のコード ページ (932) で表示できない文字を含んでいます。データの損失を防ぐために、ファイルを Unicode 形式で保存してください。
  (ソース ファイル 'Source/TitleCheck.cpp' をコンパイルしています)
  
C:\DxLib_VC\プロジェクトに追加すべきファイル_VC用\DxLib.h(5323,1): warning C4819: ファイルは、現在のコード ページ (932) で表示できない文字を含んでいます。データの損失を防ぐために、ファイルを Unicode 形式で保存してください。
  (ソース ファイル 'Source/TitleCheck.cpp' をコンパイルしています)
  
C:\DxLib_VC\プロジェクトに追加すべきファイル_VC用\DxLib.h(5438,1): warning C4819: ファイルは、現在のコード ページ (932) で表示できない文字を含んでいます。データの損失を防ぐために、ファイルを Unicode 形式で保存してください。
  (ソース ファイル 'Source/TitleCheck.cpp' をコンパイルしています)
  
C:\DxLib_VC\プロジェクトに追加すべきファイル_VC用\DxLib.h(5605,1): warning C4819: ファイルは、現在のコード ページ (932) で表示できない文字を含んでいます。データの損失を防ぐために、ファイルを Unicode 形式で保存してください。
  (ソース ファイル 'Source/TitleCheck.cpp' をコンパイルしています)
  
C:\Program Files\Microsoft Visual Studio\2022\Community\VC\Tools\MSVC\14.44.35207\include\format(42): warning STL4038: The contents of <format> are available only with C++20 or later.
  TitleScene.cpp
C:\DxLib_VC\プロジェクトに追加すべきファイル_VC用\DxLib.h(1,1): warning C4819: ファイルは、現在のコード ページ (932) で表示できない文字を含んでいます。データの損失を防ぐために、ファイルを Unicode 形式で保存してください。
  (ソース ファイル 'Source/TitleScene.cpp' をコンパイルしています)
  
C:\DxLib_VC\プロジェクトに追加すべきファイル_VC用\DxLib.h(349,1): warning C4819: ファイルは、現在のコード ページ (932) で表示できない文字を含んでいます。データの損失を防ぐために、ファイルを Unicode 形式で保存してください。
  (ソース ファイル 'Source/TitleScene.cpp' をコンパイルしています)
  
C:\DxLib_VC\プロジェクトに追加すべきファイル_VC用\DxLib.h(708,1): warning C4819: ファイルは、現在のコード ページ (932) で表示できない文字を含んでいます。データの損失を防ぐために、ファイルを Unicode 形式で保存してください。
  (ソース ファイル 'Source/TitleScene.cpp' をコンパイルしています)
  
C:\DxLib_VC\プロジェクトに追加すべきファイル_VC用\DxLib.h(1106,1): warning C4819: ファイルは、現在のコード ページ (932) で表示できない文字を含んでいます。データの損失を防ぐために、ファイルを Unicode 形式で保存してください。
  (ソース ファイル 'Source/TitleScene.cpp' をコンパイルしています)
  
C:\DxLib_VC\プロジェクトに追加すべきファイル_VC用\DxLib.h(1610,1): warning C4819: ファイルは、現在のコード ページ (932) で表示できない文字を含んでいます。データの損失を防ぐために、ファイルを Unicode 形式で保存してください。
  (ソース ファイル 'Source/TitleScene.cpp' をコンパイルしています)
  
C:\DxLib_VC\プロジェクトに追加すべきファイル_VC用\DxLib.h(2014,1): warning C4819: ファイルは、現在のコード ページ (932) で表示できない文字を含んでいます。データの損失を防ぐために、ファイルを Unicode 形式で保存してください。
  (ソース ファイル 'Source/TitleScene.cpp' をコンパイルしています)
  
C:\DxLib_VC\プロジェクトに追加すべきファイル_VC用\DxLib.h(2241,1): warning C4819: ファイルは、現在のコード ページ (932) で表示できない文字を含んでいます。データの損失を防ぐために、ファイルを Unicode 形式で保存してください。
  (ソース ファイル 'Source/TitleScene.cpp' をコンパイルしています)
  
C:\DxLib_VC\プロジェクトに追加すべきファイル_VC用\DxLib.h(2384,1): warning C4819: ファイルは、現在のコード ページ (932) で表示できない文字を含んでいます。データの損失を防ぐために、ファイルを Unicode 形式で保存してください。
  (ソース ファイル 'Source/TitleScene.cpp' をコンパイルしています)
  
C:\DxLib_VC\プロジェクトに追加すべきファイル_VC用\DxLib.h(2557,1): warning C4819: ファイルは、現在のコード ページ (932) で表示できない文字を含んでいます。データの損失を防ぐために、ファイルを Unicode 形式で保存してください。
  (ソース ファイル 'Source/TitleScene.cpp' をコンパイルしています)
  
C:\DxLib_VC\プロジェクトに追加すべきファイル_VC用\DxLib.h(2702,1): warning C4819: ファイルは、現在のコード ページ (932) で表示できない文字を含んでいます。データの損失を防ぐために、ファイルを Unicode 形式で保存してください。
  (ソース ファイル 'Source/TitleScene.cpp' をコンパイルしています)
  
C:\DxLib_VC\プロジェクトに追加すべきファイル_VC用\DxLib.h(2788,1): warning C4819: ファイルは、現在のコード ページ (932) で表示できない文字を含んでいます。データの損失を防ぐために、ファイルを Unicode 形式で保存してください。
  (ソース ファイル 'Source/TitleScene.cpp' をコンパイルしています)
  
C:\DxLib_VC\プロジェクトに追加すべきファイル_VC用\DxLib.h(2891,1): warning C4819: ファイルは、現在のコード ページ (932) で表示できない文字を含んでいます。データの損失を防ぐために、ファイルを Unicode 形式で保存してください。
  (ソース ファイル 'Source/TitleScene.cpp' をコンパイルしています)
  
C:\DxLib_VC\プロジェクトに追加すべきファイル_VC用\DxLib.h(2991,1): warning C4819: ファイルは、現在のコード ページ (932) で表示できない文字を含んでいます。データの損失を防ぐために、ファイルを Unicode 形式で保存してください。
  (ソース ファイル 'Source/TitleScene.cpp' をコンパイルしています)
  
C:\DxLib_VC\プロジェクトに追加すべきファイル_VC用\DxLib.h(3120,1): warning C4819: ファイルは、現在のコード ページ (932) で表示できない文字を含んでいます。データの損失を防ぐために、ファイルを Unicode 形式で保存してください。
  (ソース ファイル 'Source/TitleScene.cpp' をコンパイルしています)
  
C:\DxLib_VC\プロジェクトに追加すべきファイル_VC用\DxLib.h(3264,1): warning C4819: ファイルは、現在のコード ページ (932) で表示できない文字を含んでいます。データの損失を防ぐために、ファイルを Unicode 形式で保存してください。
  (ソース ファイル 'Source/TitleScene.cpp' をコンパイルしています)
  
C:\DxLib_VC\プロジェクトに追加すべきファイル_VC用\DxLib.h(3382,1): warning C4819: ファイルは、現在のコード ページ (932) で表示できない文字を含んでいます。データの損失を防ぐために、ファイルを Unicode 形式で保存してください。
  (ソース ファイル 'Source/TitleScene.cpp' をコンパイルしています)
  
C:\DxLib_VC\プロジェクトに追加すべきファイル_VC用\DxLib.h(3516,1): warning C4819: ファイルは、現在のコード ページ (932) で表示できない文字を含んでいます。データの損失を防ぐために、ファイルを Unicode 形式で保存してください。
  (ソース ファイル 'Source/TitleScene.cpp' をコンパイルしています)
  
C:\DxLib_VC\プロジェクトに追加すべきファイル_VC用\DxLib.h(3698,1): warning C4819: ファイルは、現在のコード ページ (932) で表示できない文字を含んでいます。データの損失を防ぐために、ファイルを Unicode 形式で保存してください。
  (ソース ファイル 'Source/TitleScene.cpp' をコンパイルしています)
  
C:\DxLib_VC\プロジェクトに追加すべきファイル_VC用\DxLib.h(3803,1): warning C4819: ファイルは、現在のコード ページ (932) で表示できない文字を含んでいます。データの損失を防ぐために、ファイルを Unicode 形式で保存してください。
  (ソース ファイル 'Source/TitleScene.cpp' をコンパイルしています)
  
C:\DxLib_VC\プロジェクトに追加すべきファイル_VC用\DxLib.h(3882,1): warning C4819: ファイルは、現在のコード ページ (932) で表示できない文字を含んでいます。データの損失を防ぐために、ファイルを Unicode 形式で保存してください。
  (ソース ファイル 'Source/TitleScene.cpp' をコンパイルしています)
  
C:\DxLib_VC\プロジェクトに追加すべきファイル_VC用\DxLib.h(3984,1): warning C4819: ファイルは、現在のコード ページ (932) で表示できない文字を含んでいます。データの損失を防ぐために、ファイルを Unicode 形式で保存してください。
  (ソース ファイル 'Source/TitleScene.cpp' をコンパイルしています)
  
C:\DxLib_VC\プロジェクトに追加すべきファイル_VC用\DxLib.h(4114,1): warning C4819: ファイルは、現在のコード ページ (932) で表示できない文字を含んでいます。データの損失を防ぐために、ファイルを Unicode 形式で保存してください。
  (ソース ファイル 'Source/TitleScene.cpp' をコンパイルしています)
  
C:\DxLib_VC\プロジェクトに追加すべきファイル_VC用\DxLib.h(4608,1): warning C4819: ファイルは、現在のコード ページ (932) で表示できない文字を含んでいます。データの損失を防ぐために、ファイルを Unicode 形式で保存してください。
  (ソース ファイル 'Source/TitleScene.cpp' をコンパイルしています)
  
C:\DxLib_VC\プロジェクトに追加すべきファイル_VC用\DxLib.h(4761,1): warning C4819: ファイルは、現在のコード ページ (932) で表示できない文字を含んでいます。データの損失を防ぐために、ファイルを Unicode 形式で保存してください。
  (ソース ファイル 'Source/TitleScene.cpp' をコンパイルしています)
  
C:\DxLib_VC\プロジェクトに追加すべきファイル_VC用\DxLib.h(4905,1): warning C4819: ファイルは、現在のコード ページ (932) で表示できない文字を含んでいます。データの損失を防ぐために、ファイルを Unicode 形式で保存してください。
  (ソース ファイル 'Source/TitleScene.cpp' をコンパイルしています)
  
C:\DxLib_VC\プロジェクトに追加すべきファイル_VC用\DxLib.h(5043,1): warning C4819: ファイルは、現在のコード ページ (932) で表示できない文字を含んでいます。データの損失を防ぐために、ファイルを Unicode 形式で保存してください。
  (ソース ファイル 'Source/TitleScene.cpp' をコンパイルしています)
  
C:\DxLib_VC\プロジェクトに追加すべきファイル_VC用\DxLib.h(5190,1): warning C4819: ファイルは、現在のコード ページ (932) で表示できない文字を含んでいます。データの損失を防ぐために、ファイルを Unicode 形式で保存してください。
  (ソース ファイル 'Source/TitleScene.cpp' をコンパイルしています)
  
C:\DxLib_VC\プロジェクトに追加すべきファイル_VC用\DxLib.h(5323,1): warning C4819: ファイルは、現在のコード ページ (932) で表示できない文字を含んでいます。データの損失を防ぐために、ファイルを Unicode 形式で保存してください。
  (ソース ファイル 'Source/TitleScene.cpp' をコンパイルしています)
  
C:\DxLib_VC\プロジェクトに追加すべきファイル_VC用\DxLib.h(5438,1): warning C4819: ファイルは、現在のコード ページ (932) で表示できない文字を含んでいます。データの損失を防ぐために、ファイルを Unicode 形式で保存してください。
  (ソース ファイル 'Source/TitleScene.cpp' をコンパイルしています)
  
C:\DxLib_VC\プロジェクトに追加すべきファイル_VC用\DxLib.h(5605,1): warning C4819: ファイルは、現在のコード ページ (932) で表示できない文字を含んでいます。データの損失を防ぐために、ファイルを Unicode 形式で保存してください。
  (ソース ファイル 'Source/TitleScene.cpp' をコンパイルしています)
  
C:\Program Files\Microsoft Visual Studio\2022\Community\VC\Tools\MSVC\14.44.35207\include\format(42): warning STL4038: The contents of <format> are available only with C++20 or later.
  OrdersCSVManager.cpp
  コードを生成中...
  LINK : 前回のインクリメンタル リンクで C:\Users\fine\OneDrive\デスクトップ\新しいフォルダー\x64\Debug\project.exe が見つからなかったか、ビルドされませんでした。フル リンクを行います。
  project.vcxproj -> C:\Users\fine\OneDrive\デスクトップ\新しいフォルダー\x64\Debug\project.exe
